1359076173220,316,Fedora Delete Object Request,404,Not Found,Fedora group 1-1,text,false,233,315
1359076174640,40,Fedora Delete Object Request,404,Not Found,Fedora group 1-1,text,false,233,39
1359076175610,21,Fedora Delete Object Request,404,Not Found,Fedora group 1-1,text,false,233,20
1359076176274,30,Fedora Delete Object Request,404,Not Found,Fedora group 1-1,text,false,233,22
1359076176813,18,Fedora Delete Object Request,404,Not Found,Fedora group 1-1,text,false,233,18
1359076177180,17,Fedora Delete Object Request,404,Not Found,Fedora group 1-1,text,false,233,17
1359076177620,17,Fedora Delete Object Request,404,Not Found,Fedora group 1-1,text,false,233,17
1359076177971,17,Fedora Delete Object Request,404,Not Found,Fedora group 1-1,text,false,233,17
1359076178325,16,Fedora Delete Object Request,404,Not Found,Fedora group 1-1,text,false,233,16
1359076179065,20,Fedora Delete Object Request,404,Not Found,Fedora group 1-1,text,false,234,20
1359076179523,18,Fedora Delete Object Request,404,Not Found,Fedora group 1-1,text,false,234,18
1359076179958,22,Fedora Delete Object Request,404,Not Found,Fedora group 1-1,text,false,234,22
1359076180278,20,Fedora Delete Object Request,404,Not Found,Fedora group 1-1,text,false,234,20
1359076180600,47,Fedora Delete Object Request,404,Not Found,Fedora group 1-1,text,false,234,46
1359076181258,16,Fedora Delete Object Request,404,Not Found,Fedora group 1-1,text,false,234,16
1359076181789,19,Fedora Delete Object Request,404,Not Found,Fedora group 1-1,text,false,253,18
1359076183096,21,Fedora Delete Object Request,404,Not Found,Fedora group 1-1,text,false,234,21
1359076183615,24,Fedora Delete Object Request,404,Not Found,Fedora group 1-1,text,false,234,23
1359076184272,19,Fedora Delete Object Request,404,Not Found,Fedora group 1-1,text,false,234,18
1359076184550,21,Fedora Delete Object Request,404,Not Found,Fedora group 1-1,text,false,234,21
1359076185262,36,Fedora Delete Object Request,404,Not Found,Fedora group 1-1,text,false,234,30
1359076185557,16,Fedora Delete Object Request,404,Not Found,Fedora group 1-1,text,false,234,16
1359076185903,17,Fedora Delete Object Request,404,Not Found,Fedora group 1-1,text,false,234,17
1359076186185,17,Fedora Delete Object Request,404,Not Found,Fedora group 1-1,text,false,234,17
1359076186427,16,Fedora Delete Object Request,404,Not Found,Fedora group 1-1,text,false,234,15
1359076186981,16,Fedora Delete Object Request,404,Not Found,Fedora group 1-1,text,false,234,15
1359076187497,16,Fedora Delete Object Request,404,Not Found,Fedora group 1-1,text,false,234,16
1359076187930,20,Fedora Delete Object Request,404,Not Found,Fedora group 1-1,text,false,234,20
1359076188196,15,Fedora Delete Object Request,404,Not Found,Fedora group 1-1,text,false,234,15
1359076188444,16,Fedora Delete Object Request,404,Not Found,Fedora group 1-1,text,false,234,16
1359076188675,18,Fedora Delete Object Request,404,Not Found,Fedora group 1-1,text,false,234,18
1359076189004,16,Fedora Delete Object Request,404,Not Found,Fedora group 1-1,text,false,234,16
1359076189532,15,Fedora Delete Object Request,404,Not Found,Fedora group 1-1,text,false,234,15
1359076189907,15,Fedora Delete Object Request,404,Not Found,Fedora group 1-1,text,false,234,15
1359076190254,16,Fedora Delete Object Request,404,Not Found,Fedora group 1-1,text,false,234,16
1359076190574,16,Fedora Delete Object Request,404,Not Found,Fedora group 1-1,text,false,234,15
1359076190871,16,Fedora Delete Object Request,404,Not Found,Fedora group 1-1,text,false,234,16
1359076191145,24,Fedora Delete Object Request,404,Not Found,Fedora group 1-1,text,false,234,15
1359076191598,15,Fedora Delete Object Request,404,Not Found,Fedora group 1-1,text,false,234,14
1359076192258,23,Fedora Delete Object Request,404,Not Found,Fedora group 1-1,text,false,234,23
1359076192671,15,Fedora Delete Object Request,404,Not Found,Fedora group 1-1,text,false,234,15
1359076192900,17,Fedora Delete Object Request,404,Not Found,Fedora group 1-1,text,false,253,17
1359076193279,14,Fedora Delete Object Request,404,Not Found,Fedora group 1-1,text,false,234,14
1359076193513,15,Fedora Delete Object Request,404,Not Found,Fedora group 1-1,text,false,234,15
1359076193787,15,Fedora Delete Object Request,404,Not Found,Fedora group 1-1,text,false,234,14
1359076194114,15,Fedora Delete Object Request,404,Not Found,Fedora group 1-1,text,false,234,15
1359076194498,15,Fedora Delete Object Request,404,Not Found,Fedora group 1-1,text,false,234,15
1359076194935,16,Fedora Delete Object Request,404,Not Found,Fedora group 1-1,text,false,234,16
1359076195174,15,Fedora Delete Object Request,404,Not Found,Fedora group 1-1,text,false,234,15
1359076195503,16,Fedora Delete Object Request,404,Not Found,Fedora group 1-1,text,false,234,16
1359076195727,14,Fedora Delete Object Request,404,Not Found,Fedora group 1-1,text,false,234,14
1359076196111,14,Fedora Delete Object Request,404,Not Found,Fedora group 1-1,text,false,234,14
1359076196611,14,Fedora Delete Object Request,404,Not Found,Fedora group 1-1,text,false,234,14
1359076196940,14,Fedora Delete Object Request,404,Not Found,Fedora group 1-1,text,false,234,14
1359076197158,14,Fedora Delete Object Request,404,Not Found,Fedora group 1-1,text,false,234,14
1359076197372,17,Fedora Delete Object Request,404,Not Found,Fedora group 1-1,text,false,234,17
1359076197662,21,Fedora Delete Object Request,404,Not Found,Fedora group 1-1,text,false,234,21
1359076197881,15,Fedora Delete Object Request,404,Not Found,Fedora group 1-1,text,false,234,14
1359076198224,15,Fedora Delete Object Request,404,Not Found,Fedora group 1-1,text,false,234,15
1359076198450,24,Fedora Delete Object Request,404,Not Found,Fedora group 1-1,text,false,234,24
1359076198771,21,Fedora Delete Object Request,404,Not Found,Fedora group 1-1,text,false,234,21
1359076199038,21,Fedora Delete Object Request,404,Not Found,Fedora group 1-1,text,false,234,21
1359076199277,17,Fedora Delete Object Request,404,Not Found,Fedora group 1-1,text,false,234,17
1359076199930,15,Fedora Delete Object Request,404,Not Found,Fedora group 1-1,text,false,234,15
1359076200323,17,Fedora Delete Object Request,404,Not Found,Fedora group 1-1,text,false,234,16
1359076200541,16,Fedora Delete Object Request,404,Not Found,Fedora group 1-1,text,false,234,16
1359076200851,14,Fedora Delete Object Request,404,Not Found,Fedora group 1-1,text,false,234,14
1359076201644,15,Fedora Delete Object Request,404,Not Found,Fedora group 1-1,text,false,234,15
1359076201943,22,Fedora Delete Object Request,404,Not Found,Fedora group 1-1,text,false,234,22
1359076202211,18,Fedora Delete Object Request,404,Not Found,Fedora group 1-1,text,false,234,18
1359076202507,15,Fedora Delete Object Request,404,Not Found,Fedora group 1-1,text,false,234,15
1359076203104,14,Fedora Delete Object Request,404,Not Found,Fedora group 1-1,text,false,234,14
1359076203395,20,Fedora Delete Object Request,404,Not Found,Fedora group 1-1,text,false,234,20
1359076203691,17,Fedora Delete Object Request,404,Not Found,Fedora group 1-1,text,false,234,16
1359076203908,15,Fedora Delete Object Request,404,Not Found,Fedora group 1-1,text,false,234,15
1359076204284,21,Fedora Delete Object Request,404,Not Found,Fedora group 1-1,text,false,234,21
1359076204596,17,Fedora Delete Object Request,404,Not Found,Fedora group 1-1,text,false,234,17
1359076204844,20,Fedora Delete Object Request,404,Not Found,Fedora group 1-1,text,false,234,20
1359076205113,14,Fedora Delete Object Request,404,Not Found,Fedora group 1-1,text,false,234,14
1359076205391,16,Fedora Delete Object Request,404,Not Found,Fedora group 1-1,text,false,234,16
1359076205717,13,Fedora Delete Object Request,404,Not Found,Fedora group 1-1,text,false,234,13
1359076206042,16,Fedora Delete Object Request,404,Not Found,Fedora group 1-1,text,false,234,15
1359076206432,13,Fedora Delete Object Request,404,Not Found,Fedora group 1-1,text,false,234,13
1359076206692,13,Fedora Delete Object Request,404,Not Found,Fedora group 1-1,text,false,234,13
1359076206952,13,Fedora Delete Object Request,404,Not Found,Fedora group 1-1,text,false,234,13
1359076207312,14,Fedora Delete Object Request,404,Not Found,Fedora group 1-1,text,false,234,13
1359076207690,13,Fedora Delete Object Request,404,Not Found,Fedora group 1-1,text,false,234,13
1359076207977,28,Fedora Delete Object Request,404,Not Found,Fedora group 1-1,text,false,234,28
1359076208226,21,Fedora Delete Object Request,404,Not Found,Fedora group 1-1,text,false,234,21
1359076208471,18,Fedora Delete Object Request,404,Not Found,Fedora group 1-1,text,false,234,18
1359076208704,13,Fedora Delete Object Request,404,Not Found,Fedora group 1-1,text,false,234,13
1359076208990,14,Fedora Delete Object Request,404,Not Found,Fedora group 1-1,text,false,234,14
1359076209291,13,Fedora Delete Object Request,404,Not Found,Fedora group 1-1,text,false,234,13
1359076209723,16,Fedora Delete Object Request,404,Not Found,Fedora group 1-1,text,false,234,16
1359076209989,18,Fedora Delete Object Request,404,Not Found,Fedora group 1-1,text,false,234,18
1359076210339,13,Fedora Delete Object Request,404,Not Found,Fedora group 1-1,text,false,234,13
1359076210566,13,Fedora Delete Object Request,404,Not Found,Fedora group 1-1,text,false,234,13
1359076210781,14,Fedora Delete Object Request,404,Not Found,Fedora group 1-1,text,false,234,13
1359076211129,18,Fedora Delete Object Request,404,Not Found,Fedora group 1-1,text,false,234,18
1359076211792,17,Fedora Delete Object Request,404,Not Found,Fedora group 1-1,text,false,235,17
1359076211998,23,Fedora Delete Object Request,404,Not Found,Fedora group 1-1,text,false,235,23
1359076212425,15,Fedora Delete Object Request,404,Not Found,Fedora group 1-1,text,false,235,15
1359076212635,14,Fedora Delete Object Request,404,Not Found,Fedora group 1-1,text,false,235,14
1359076213331,15,Fedora Delete Object Request,404,Not Found,Fedora group 1-1,text,false,235,15
1359076213791,13,Fedora Delete Object Request,404,Not Found,Fedora group 1-1,text,false,235,13
1359076214080,16,Fedora Delete Object Request,404,Not Found,Fedora group 1-1,text,false,235,15
1359076214286,20,Fedora Delete Object Request,404,Not Found,Fedora group 1-1,text,false,235,20
1359076214958,16,Fedora Delete Object Request,404,Not Found,Fedora group 1-1,text,false,235,16
1359076215176,12,Fedora Delete Object Request,404,Not Found,Fedora group 1-1,text,false,235,12
1359076215377,15,Fedora Delete Object Request,404,Not Found,Fedora group 1-1,text,false,235,15
1359076215588,13,Fedora Delete Object Request,404,Not Found,Fedora group 1-1,text,false,235,13
1359076215828,19,Fedora Delete Object Request,404,Not Found,Fedora group 1-1,text,false,235,19
1359076216105,13,Fedora Delete Object Request,404,Not Found,Fedora group 1-1,text,false,235,13
1359076216549,14,Fedora Delete Object Request,404,Not Found,Fedora group 1-1,text,false,235,14
1359076216767,20,Fedora Delete Object Request,404,Not Found,Fedora group 1-1,text,false,235,20
1359076217201,15,Fedora Delete Object Request,404,Not Found,Fedora group 1-1,text,false,235,15
1359076217409,20,Fedora Delete Object Request,404,Not Found,Fedora group 1-1,text,false,235,20
1359076217687,14,Fedora Delete Object Request,404,Not Found,Fedora group 1-1,text,false,235,13
1359076217929,26,Fedora Delete Object Request,404,Not Found,Fedora group 1-1,text,false,235,25
1359076218170,13,Fedora Delete Object Request,404,Not Found,Fedora group 1-1,text,false,235,13
1359076218605,15,Fedora Delete Object Request,404,Not Found,Fedora group 1-1,text,false,235,15
1359076218841,12,Fedora Delete Object Request,404,Not Found,Fedora group 1-1,text,false,235,12
1359076219258,18,Fedora Delete Object Request,404,Not Found,Fedora group 1-1,text,false,235,18
1359076219469,13,Fedora Delete Object Request,404,Not Found,Fedora group 1-1,text,false,235,13
1359076219677,14,Fedora Delete Object Request,404,Not Found,Fedora group 1-1,text,false,235,14
1359076220026,13,Fedora Delete Object Request,404,Not Found,Fedora group 1-1,text,false,235,13
1359076220332,13,Fedora Delete Object Request,404,Not Found,Fedora group 1-1,text,false,254,12
1359076220528,19,Fedora Delete Object Request,404,Not Found,Fedora group 1-1,text,false,235,19
1359076220753,13,Fedora Delete Object Request,404,Not Found,Fedora group 1-1,text,false,235,13
1359076221032,13,Fedora Delete Object Request,404,Not Found,Fedora group 1-1,text,false,235,13
1359076221420,13,Fedora Delete Object Request,404,Not Found,Fedora group 1-1,text,false,235,13
1359076221651,13,Fedora Delete Object Request,404,Not Found,Fedora group 1-1,text,false,235,13
1359076221976,19,Fedora Delete Object Request,404,Not Found,Fedora group 1-1,text,false,235,19
1359076222196,14,Fedora Delete Object Request,404,Not Found,Fedora group 1-1,text,false,235,14
1359076222461,13,Fedora Delete Object Request,404,Not Found,Fedora group 1-1,text,false,235,12
1359076222670,13,Fedora Delete Object Request,404,Not Found,Fedora group 1-1,text,false,235,13
1359076222881,13,Fedora Delete Object Request,404,Not Found,Fedora group 1-1,text,false,235,12
1359076223193,13,Fedora Delete Object Request,404,Not Found,Fedora group 1-1,text,false,235,13
1359076223429,14,Fedora Delete Object Request,404,Not Found,Fedora group 1-1,text,false,235,14
1359076223751,13,Fedora Delete Object Request,404,Not Found,Fedora group 1-1,text,false,235,13
1359076223973,12,Fedora Delete Object Request,404,Not Found,Fedora group 1-1,text,false,235,12
1359076224261,17,Fedora Delete Object Request,404,Not Found,Fedora group 1-1,text,false,254,17
1359076224551,12,Fedora Delete Object Request,404,Not Found,Fedora group 1-1,text,false,235,12
1359076224755,13,Fedora Delete Object Request,404,Not Found,Fedora group 1-1,text,false,235,12
1359076225256,16,Fedora Delete Object Request,404,Not Found,Fedora group 1-1,text,false,235,16
1359076225763,12,Fedora Delete Object Request,404,Not Found,Fedora group 1-1,text,false,235,12
1359076225993,15,Fedora Delete Object Request,404,Not Found,Fedora group 1-1,text,false,235,15
1359076226345,12,Fedora Delete Object Request,404,Not Found,Fedora group 1-1,text,false,235,12
1359076226551,12,Fedora Delete Object Request,404,Not Found,Fedora group 1-1,text,false,235,12
1359076226848,13,Fedora Delete Object Request,404,Not Found,Fedora group 1-1,text,false,235,13
1359076227155,13,Fedora Delete Object Request,404,Not Found,Fedora group 1-1,text,false,235,13
1359076227548,18,Fedora Delete Object Request,404,Not Found,Fedora group 1-1,text,false,235,18
1359076227745,14,Fedora Delete Object Request,404,Not Found,Fedora group 1-1,text,false,235,14
1359076228159,12,Fedora Delete Object Request,404,Not Found,Fedora group 1-1,text,false,235,12
1359076228366,12,Fedora Delete Object Request,404,Not Found,Fedora group 1-1,text,false,235,12
1359076228579,13,Fedora Delete Object Request,404,Not Found,Fedora group 1-1,text,false,254,13
1359076228880,16,Fedora Delete Object Request,404,Not Found,Fedora group 1-1,text,false,235,16
1359076229094,15,Fedora Delete Object Request,404,Not Found,Fedora group 1-1,text,false,235,15
1359076229302,14,Fedora Delete Object Request,404,Not Found,Fedora group 1-1,text,false,235,14
1359076229531,14,Fedora Delete Object Request,404,Not Found,Fedora group 1-1,text,false,235,14
1359076229745,19,Fedora Delete Object Request,404,Not Found,Fedora group 1-1,text,false,235,19
1359076230381,18,Fedora Delete Object Request,404,Not Found,Fedora group 1-1,text,false,235,18
1359076230713,13,Fedora Delete Object Request,404,Not Found,Fedora group 1-1,text,false,235,13
1359076231010,12,Fedora Delete Object Request,404,Not Found,Fedora group 1-1,text,false,235,12
1359076231220,18,Fedora Delete Object Request,404,Not Found,Fedora group 1-1,text,false,235,18
1359076231428,13,Fedora Delete Object Request,404,Not Found,Fedora group 1-1,text,false,235,13
1359076231704,20,Fedora Delete Object Request,404,Not Found,Fedora group 1-1,text,false,235,20
1359076231909,13,Fedora Delete Object Request,404,Not Found,Fedora group 1-1,text,false,235,12
1359076232174,12,Fedora Delete Object Request,404,Not Found,Fedora group 1-1,text,false,235,12
1359076232637,12,Fedora Delete Object Request,404,Not Found,Fedora group 1-1,text,false,235,12
1359076232896,13,Fedora Delete Object Request,404,Not Found,Fedora group 1-1,text,false,235,12
1359076233092,15,Fedora Delete Object Request,404,Not Found,Fedora group 1-1,text,false,235,15
1359076233301,12,Fedora Delete Object Request,404,Not Found,Fedora group 1-1,text,false,235,12
1359076233558,18,Fedora Delete Object Request,404,Not Found,Fedora group 1-1,text,false,235,18
1359076233753,15,Fedora Delete Object Request,404,Not Found,Fedora group 1-1,text,false,235,15
1359076233976,22,Fedora Delete Object Request,404,Not Found,Fedora group 1-1,text,false,235,22
1359076234200,18,Fedora Delete Object Request,404,Not Found,Fedora group 1-1,text,false,235,18
1359076234469,17,Fedora Delete Object Request,404,Not Found,Fedora group 1-1,text,false,235,17
1359076236082,14,Fedora Delete Object Request,404,Not Found,Fedora group 1-1,text,false,235,14
1359076236352,14,Fedora Delete Object Request,404,Not Found,Fedora group 1-1,text,false,235,14
1359076236794,15,Fedora Delete Object Request,404,Not Found,Fedora group 1-1,text,false,235,15
1359076237057,13,Fedora Delete Object Request,404,Not Found,Fedora group 1-1,text,false,235,13
1359076237345,12,Fedora Delete Object Request,404,Not Found,Fedora group 1-1,text,false,235,12
1359076237595,22,Fedora Delete Object Request,404,Not Found,Fedora group 1-1,text,false,235,22
1359076237868,16,Fedora Delete Object Request,404,Not Found,Fedora group 1-1,text,false,235,16
1359076238542,13,Fedora Delete Object Request,404,Not Found,Fedora group 1-1,text,false,235,13
1359076239045,19,Fedora Delete Object Request,404,Not Found,Fedora group 1-1,text,false,235,19
1359076239313,15,Fedora Delete Object Request,404,Not Found,Fedora group 1-1,text,false,235,15
1359076239500,12,Fedora Delete Object Request,404,Not Found,Fedora group 1-1,text,false,235,12
1359076239747,13,Fedora Delete Object Request,404,Not Found,Fedora group 1-1,text,false,235,13
1359076240424,17,Fedora Delete Object Request,404,Not Found,Fedora group 1-1,text,false,235,17
1359076240775,13,Fedora Delete Object Request,404,Not Found,Fedora group 1-1,text,false,235,13
1359076241071,15,Fedora Delete Object Request,404,Not Found,Fedora group 1-1,text,false,235,15
1359076241285,19,Fedora Delete Object Request,404,Not Found,Fedora group 1-1,text,false,235,18
1359076241620,33,Fedora Delete Object Request,404,Not Found,Fedora group 1-1,text,false,235,33
1359076242060,18,Fedora Delete Object Request,404,Not Found,Fedora group 1-1,text,false,235,18
1359076242266,13,Fedora Delete Object Request,404,Not Found,Fedora group 1-1,text,false,235,13
1359076242457,12,Fedora Delete Object Request,404,Not Found,Fedora group 1-1,text,false,235,12
1359076242741,18,Fedora Delete Object Request,404,Not Found,Fedora group 1-1,text,false,235,18
1359076243194,14,Fedora Delete Object Request,404,Not Found,Fedora group 1-1,text,false,235,14
1359076243399,17,Fedora Delete Object Request,404,Not Found,Fedora group 1-1,text,false,235,17
1359076243680,16,Fedora Delete Object Request,404,Not Found,Fedora group 1-1,text,false,235,16
1359076243892,17,Fedora Delete Object Request,404,Not Found,Fedora group 1-1,text,false,235,17
1359076244085,11,Fedora Delete Object Request,404,Not Found,Fedora group 1-1,text,false,235,11
1359076244321,16,Fedora Delete Object Request,404,Not Found,Fedora group 1-1,text,false,235,16
1359076244620,12,Fedora Delete Object Request,404,Not Found,Fedora group 1-1,text,false,235,12
1359076244819,13,Fedora Delete Object Request,404,Not Found,Fedora group 1-1,text,false,235,13
1359076246213,18,Fedora Delete Object Request,404,Not Found,Fedora group 1-1,text,false,235,18
1359076246509,12,Fedora Delete Object Request,404,Not Found,Fedora group 1-1,text,false,235,12
1359076246726,12,Fedora Delete Object Request,404,Not Found,Fedora group 1-1,text,false,235,12
1359076246921,13,Fedora Delete Object Request,404,Not Found,Fedora group 1-1,text,false,254,13
1359076247120,14,Fedora Delete Object Request,404,Not Found,Fedora group 1-1,text,false,235,14
1359076247393,14,Fedora Delete Object Request,404,Not Found,Fedora group 1-1,text,false,235,14
1359076247668,15,Fedora Delete Object Request,404,Not Found,Fedora group 1-1,text,false,235,15
1359076247943,18,Fedora Delete Object Request,404,Not Found,Fedora group 1-1,text,false,235,18
1359076248245,15,Fedora Delete Object Request,404,Not Found,Fedora group 1-1,text,false,235,15
1359076248533,12,Fedora Delete Object Request,404,Not Found,Fedora group 1-1,text,false,235,12
1359076248874,12,Fedora Delete Object Request,404,Not Found,Fedora group 1-1,text,false,235,12
1359076249089,21,Fedora Delete Object Request,404,Not Found,Fedora group 1-1,text,false,235,21
1359076249299,15,Fedora Delete Object Request,404,Not Found,Fedora group 1-1,text,false,235,15
1359076249600,12,Fedora Delete Object Request,404,Not Found,Fedora group 1-1,text,false,235,12
1359076250022,13,Fedora Delete Object Request,404,Not Found,Fedora group 1-1,text,false,235,13
1359076250287,12,Fedora Delete Object Request,404,Not Found,Fedora group 1-1,text,false,235,12
1359076250554,16,Fedora Delete Object Request,404,Not Found,Fedora group 1-1,text,false,235,16
1359076251107,15,Fedora Delete Object Request,404,Not Found,Fedora group 1-1,text,false,235,15
1359076251317,15,Fedora Delete Object Request,404,Not Found,Fedora group 1-1,text,false,235,15
1359076251521,12,Fedora Delete Object Request,404,Not Found,Fedora group 1-1,text,false,235,12
1359076251975,12,Fedora Delete Object Request,404,Not Found,Fedora group 1-1,text,false,235,12
1359076252343,13,Fedora Delete Object Request,404,Not Found,Fedora group 1-1,text,false,235,13
1359076252537,13,Fedora Delete Object Request,404,Not Found,Fedora group 1-1,text,false,235,13
1359076252778,13,Fedora Delete Object Request,404,Not Found,Fedora group 1-1,text,false,235,13
1359076252988,15,Fedora Delete Object Request,404,Not Found,Fedora group 1-1,text,false,235,15
1359076253368,16,Fedora Delete Object Request,404,Not Found,Fedora group 1-1,text,false,235,15
1359076253580,14,Fedora Delete Object Request,404,Not Found,Fedora group 1-1,text,false,235,13
1359076254015,12,Fedora Delete Object Request,404,Not Found,Fedora group 1-1,text,false,235,12
1359076254327,18,Fedora Delete Object Request,404,Not Found,Fedora group 1-1,text,false,235,18
1359076254546,15,Fedora Delete Object Request,404,Not Found,Fedora group 1-1,text,false,235,15
1359076254783,14,Fedora Delete Object Request,404,Not Found,Fedora group 1-1,text,false,235,14
1359076254997,15,Fedora Delete Object Request,404,Not Found,Fedora group 1-1,text,false,235,15
1359076255314,17,Fedora Delete Object Request,404,Not Found,Fedora group 1-1,text,false,235,17
1359076255597,47,Fedora Delete Object Request,404,Not Found,Fedora group 1-1,text,false,235,47
1359076256071,14,Fedora Delete Object Request,404,Not Found,Fedora group 1-1,text,false,235,14
1359076256500,13,Fedora Delete Object Request,404,Not Found,Fedora group 1-1,text,false,235,13
1359076256687,16,Fedora Delete Object Request,404,Not Found,Fedora group 1-1,text,false,235,16
1359076256884,13,Fedora Delete Object Request,404,Not Found,Fedora group 1-1,text,false,235,13
1359076257079,13,Fedora Delete Object Request,404,Not Found,Fedora group 1-1,text,false,235,13
1359076257275,13,Fedora Delete Object Request,404,Not Found,Fedora group 1-1,text,false,235,13
1359076257559,19,Fedora Delete Object Request,404,Not Found,Fedora group 1-1,text,false,235,19
1359076257768,85,Fedora Delete Object Request,404,Not Found,Fedora group 1-1,text,false,235,85
1359076258193,15,Fedora Delete Object Request,404,Not Found,Fedora group 1-1,text,false,235,15
1359076258383,12,Fedora Delete Object Request,404,Not Found,Fedora group 1-1,text,false,235,12
1359076258633,12,Fedora Delete Object Request,404,Not Found,Fedora group 1-1,text,false,235,12
1359076258980,20,Fedora Delete Object Request,404,Not Found,Fedora group 1-1,text,false,235,20
1359076259173,13,Fedora Delete Object Request,404,Not Found,Fedora group 1-1,text,false,235,13
1359076259372,13,Fedora Delete Object Request,404,Not Found,Fedora group 1-1,text,false,235,13
1359076259575,13,Fedora Delete Object Request,404,Not Found,Fedora group 1-1,text,false,235,13
1359076259875,16,Fedora Delete Object Request,404,Not Found,Fedora group 1-1,text,false,235,16
1359076260144,23,Fedora Delete Object Request,404,Not Found,Fedora group 1-1,text,false,235,23
1359076260366,13,Fedora Delete Object Request,404,Not Found,Fedora group 1-1,text,false,235,13
1359076260569,12,Fedora Delete Object Request,404,Not Found,Fedora group 1-1,text,false,235,12
1359076260779,13,Fedora Delete Object Request,404,Not Found,Fedora group 1-1,text,false,235,13
1359076262059,17,Fedora Delete Object Request,404,Not Found,Fedora group 1-1,text,false,235,17
1359076262277,11,Fedora Delete Object Request,404,Not Found,Fedora group 1-1,text,false,235,11
1359076262484,14,Fedora Delete Object Request,404,Not Found,Fedora group 1-1,text,false,235,14
1359076262926,12,Fedora Delete Object Request,404,Not Found,Fedora group 1-1,text,false,235,12
1359076263213,14,Fedora Delete Object Request,404,Not Found,Fedora group 1-1,text,false,235,14
1359076263438,12,Fedora Delete Object Request,404,Not Found,Fedora group 1-1,text,false,235,12
1359076263797,12,Fedora Delete Object Request,404,Not Found,Fedora group 1-1,text,false,235,11
1359076264011,12,Fedora Delete Object Request,404,Not Found,Fedora group 1-1,text,false,235,12
1359076264290,15,Fedora Delete Object Request,404,Not Found,Fedora group 1-1,text,false,235,15
1359076264483,12,Fedora Delete Object Request,404,Not Found,Fedora group 1-1,text,false,235,12
1359076264710,18,Fedora Delete Object Request,404,Not Found,Fedora group 1-1,text,false,235,18
1359076264991,16,Fedora Delete Object Request,404,Not Found,Fedora group 1-1,text,false,235,16
1359076265201,17,Fedora Delete Object Request,404,Not Found,Fedora group 1-1,text,false,235,17
1359076265583,12,Fedora Delete Object Request,404,Not Found,Fedora group 1-1,text,false,235,12
1359076265780,22,Fedora Delete Object Request,404,Not Found,Fedora group 1-1,text,false,235,22
1359076266226,19,Fedora Delete Object Request,404,Not Found,Fedora group 1-1,text,false,235,19
1359076266495,17,Fedora Delete Object Request,404,Not Found,Fedora group 1-1,text,false,235,17
1359076266767,22,Fedora Delete Object Request,404,Not Found,Fedora group 1-1,text,false,235,22
1359076266989,18,Fedora Delete Object Request,404,Not Found,Fedora group 1-1,text,false,235,18
1359076267184,16,Fedora Delete Object Request,404,Not Found,Fedora group 1-1,text,false,235,16
1359076267415,17,Fedora Delete Object Request,404,Not Found,Fedora group 1-1,text,false,235,17
1359076267631,15,Fedora Delete Object Request,404,Not Found,Fedora group 1-1,text,false,235,15
1359076267987,16,Fedora Delete Object Request,404,Not Found,Fedora group 1-1,text,false,235,16
1359076268188,16,Fedora Delete Object Request,404,Not Found,Fedora group 1-1,text,false,235,16
1359076268412,17,Fedora Delete Object Request,404,Not Found,Fedora group 1-1,text,false,235,17
1359076268771,13,Fedora Delete Object Request,404,Not Found,Fedora group 1-1,text,false,235,13
1359076268966,19,Fedora Delete Object Request,404,Not Found,Fedora group 1-1,text,false,235,19
1359076269191,12,Fedora Delete Object Request,404,Not Found,Fedora group 1-1,text,false,235,12
1359076269402,12,Fedora Delete Object Request,404,Not Found,Fedora group 1-1,text,false,235,12
1359076269591,13,Fedora Delete Object Request,404,Not Found,Fedora group 1-1,text,false,235,13
1359076269980,16,Fedora Delete Object Request,404,Not Found,Fedora group 1-1,text,false,235,16
1359076270188,12,Fedora Delete Object Request,404,Not Found,Fedora group 1-1,text,false,235,12
1359076270487,24,Fedora Delete Object Request,404,Not Found,Fedora group 1-1,text,false,235,24
1359076270760,16,Fedora Delete Object Request,404,Not Found,Fedora group 1-1,text,false,235,16
1359076271918,21,Fedora Delete Object Request,404,Not Found,Fedora group 1-1,text,false,235,21
1359076272203,20,Fedora Delete Object Request,404,Not Found,Fedora group 1-1,text,false,235,20
1359076272429,15,Fedora Delete Object Request,404,Not Found,Fedora group 1-1,text,false,235,15
1359076272637,12,Fedora Delete Object Request,404,Not Found,Fedora group 1-1,text,false,235,12
1359076273251,16,Fedora Delete Object Request,404,Not Found,Fedora group 1-1,text,false,235,16
1359076273565,13,Fedora Delete Object Request,404,Not Found,Fedora group 1-1,text,false,235,13
1359076273759,18,Fedora Delete Object Request,404,Not Found,Fedora group 1-1,text,false,235,18
1359076274009,17,Fedora Delete Object Request,404,Not Found,Fedora group 1-1,text,false,235,17
1359076274240,12,Fedora Delete Object Request,404,Not Found,Fedora group 1-1,text,false,235,12
1359076274445,17,Fedora Delete Object Request,404,Not Found,Fedora group 1-1,text,false,235,17
1359076274643,13,Fedora Delete Object Request,404,Not Found,Fedora group 1-1,text,false,235,13
1359076274842,15,Fedora Delete Object Request,404,Not Found,Fedora group 1-1,text,false,235,15
1359076275227,18,Fedora Delete Object Request,404,Not Found,Fedora group 1-1,text,false,235,18
1359076275514,14,Fedora Delete Object Request,404,Not Found,Fedora group 1-1,text,false,235,14
1359076275742,13,Fedora Delete Object Request,404,Not Found,Fedora group 1-1,text,false,235,13
1359076276007,22,Fedora Delete Object Request,404,Not Found,Fedora group 1-1,text,false,235,22
1359076276753,16,Fedora Delete Object Request,404,Not Found,Fedora group 1-1,text,false,235,16
1359076277063,15,Fedora Delete Object Request,404,Not Found,Fedora group 1-1,text,false,235,15
1359076277357,19,Fedora Delete Object Request,404,Not Found,Fedora group 1-1,text,false,235,18
1359076277632,12,Fedora Delete Object Request,404,Not Found,Fedora group 1-1,text,false,235,12
1359076278328,17,Fedora Delete Object Request,404,Not Found,Fedora group 1-1,text,false,235,17
1359076278742,26,Fedora Delete Object Request,404,Not Found,Fedora group 1-1,text,false,235,26
1359076279037,12,Fedora Delete Object Request,404,Not Found,Fedora group 1-1,text,false,235,12
1359076279424,12,Fedora Delete Object Request,404,Not Found,Fedora group 1-1,text,false,235,12
1359076279751,12,Fedora Delete Object Request,404,Not Found,Fedora group 1-1,text,false,235,12
1359076280071,12,Fedora Delete Object Request,404,Not Found,Fedora group 1-1,text,false,235,12
1359076280355,16,Fedora Delete Object Request,404,Not Found,Fedora group 1-1,text,false,235,16
1359076280685,14,Fedora Delete Object Request,404,Not Found,Fedora group 1-1,text,false,235,14
1359076280970,11,Fedora Delete Object Request,404,Not Found,Fedora group 1-1,text,false,235,11
1359076281668,11,Fedora Delete Object Request,404,Not Found,Fedora group 1-1,text,false,235,11
1359076281945,14,Fedora Delete Object Request,404,Not Found,Fedora group 1-1,text,false,235,14
1359076282185,16,Fedora Delete Object Request,404,Not Found,Fedora group 1-1,text,false,235,16
1359076282528,15,Fedora Delete Object Request,404,Not Found,Fedora group 1-1,text,false,235,15
1359076282834,17,Fedora Delete Object Request,404,Not Found,Fedora group 1-1,text,false,235,17
1359076283083,12,Fedora Delete Object Request,404,Not Found,Fedora group 1-1,text,false,235,12
1359076283326,15,Fedora Delete Object Request,404,Not Found,Fedora group 1-1,text,false,235,14
1359076283654,12,Fedora Delete Object Request,404,Not Found,Fedora group 1-1,text,false,235,12
1359076284179,19,Fedora Delete Object Request,404,Not Found,Fedora group 1-1,text,false,235,19
1359076284435,15,Fedora Delete Object Request,404,Not Found,Fedora group 1-1,text,false,235,15
1359076284777,12,Fedora Delete Object Request,404,Not Found,Fedora group 1-1,text,false,235,11
1359076284982,16,Fedora Delete Object Request,404,Not Found,Fedora group 1-1,text,false,235,16
1359076285376,23,Fedora Delete Object Request,404,Not Found,Fedora group 1-1,text,false,235,23
1359076285813,12,Fedora Delete Object Request,404,Not Found,Fedora group 1-1,text,false,235,12
1359076286060,13,Fedora Delete Object Request,404,Not Found,Fedora group 1-1,text,false,235,13
1359076286408,12,Fedora Delete Object Request,404,Not Found,Fedora group 1-1,text,false,235,12
1359076286682,14,Fedora Delete Object Request,404,Not Found,Fedora group 1-1,text,false,235,13
1359076287264,15,Fedora Delete Object Request,404,Not Found,Fedora group 1-1,text,false,235,14
1359076287556,13,Fedora Delete Object Request,404,Not Found,Fedora group 1-1,text,false,235,13
1359076287790,15,Fedora Delete Object Request,404,Not Found,Fedora group 1-1,text,false,235,15
1359076288081,16,Fedora Delete Object Request,404,Not Found,Fedora group 1-1,text,false,235,16
1359076288289,16,Fedora Delete Object Request,404,Not Found,Fedora group 1-1,text,false,235,16
1359076288561,18,Fedora Delete Object Request,404,Not Found,Fedora group 1-1,text,false,235,18
1359076288774,19,Fedora Delete Object Request,404,Not Found,Fedora group 1-1,text,false,235,19
1359076288972,15,Fedora Delete Object Request,404,Not Found,Fedora group 1-1,text,false,235,15
1359076289335,17,Fedora Delete Object Request,404,Not Found,Fedora group 1-1,text,false,235,17
1359076289537,15,Fedora Delete Object Request,404,Not Found,Fedora group 1-1,text,false,235,15
1359076289752,13,Fedora Delete Object Request,404,Not Found,Fedora group 1-1,text,false,235,13
1359076289969,15,Fedora Delete Object Request,404,Not Found,Fedora group 1-1,text,false,254,14
1359076290335,15,Fedora Delete Object Request,404,Not Found,Fedora group 1-1,text,false,235,15
1359076290548,12,Fedora Delete Object Request,404,Not Found,Fedora group 1-1,text,false,235,12
1359076290851,20,Fedora Delete Object Request,404,Not Found,Fedora group 1-1,text,false,235,20
1359076291055,13,Fedora Delete Object Request,404,Not Found,Fedora group 1-1,text,false,235,13
1359076292515,19,Fedora Delete Object Request,404,Not Found,Fedora group 1-1,text,false,235,19
1359076292819,23,Fedora Delete Object Request,404,Not Found,Fedora group 1-1,text,false,235,22
1359076293133,21,Fedora Delete Object Request,404,Not Found,Fedora group 1-1,text,false,235,21
1359076293477,13,Fedora Delete Object Request,404,Not Found,Fedora group 1-1,text,false,235,13
1359076293854,11,Fedora Delete Object Request,404,Not Found,Fedora group 1-1,text,false,235,11
1359076294086,15,Fedora Delete Object Request,404,Not Found,Fedora group 1-1,text,false,235,15
1359076294472,13,Fedora Delete Object Request,404,Not Found,Fedora group 1-1,text,false,235,13
1359076294673,15,Fedora Delete Object Request,404,Not Found,Fedora group 1-1,text,false,235,15
1359076294888,16,Fedora Delete Object Request,404,Not Found,Fedora group 1-1,text,false,235,16
1359076295190,13,Fedora Delete Object Request,404,Not Found,Fedora group 1-1,text,false,235,13
1359076295449,19,Fedora Delete Object Request,404,Not Found,Fedora group 1-1,text,false,254,19
1359076295669,15,Fedora Delete Object Request,404,Not Found,Fedora group 1-1,text,false,235,15
1359076295874,21,Fedora Delete Object Request,404,Not Found,Fedora group 1-1,text,false,235,21
1359076296579,12,Fedora Delete Object Request,404,Not Found,Fedora group 1-1,text,false,235,12
1359076296881,14,Fedora Delete Object Request,404,Not Found,Fedora group 1-1,text,false,235,14
1359076297236,17,Fedora Delete Object Request,404,Not Found,Fedora group 1-1,text,false,235,17
1359076297517,16,Fedora Delete Object Request,404,Not Found,Fedora group 1-1,text,false,235,16
1359076297749,13,Fedora Delete Object Request,404,Not Found,Fedora group 1-1,text,false,235,13
1359076298131,15,Fedora Delete Object Request,404,Not Found,Fedora group 1-1,text,false,235,15
1359076298360,15,Fedora Delete Object Request,404,Not Found,Fedora group 1-1,text,false,235,15
1359076298679,13,Fedora Delete Object Request,404,Not Found,Fedora group 1-1,text,false,235,13
1359076298899,16,Fedora Delete Object Request,404,Not Found,Fedora group 1-1,text,false,235,16
1359076299138,14,Fedora Delete Object Request,404,Not Found,Fedora group 1-1,text,false,235,14
1359076299367,14,Fedora Delete Object Request,404,Not Found,Fedora group 1-1,text,false,235,14
1359076299585,12,Fedora Delete Object Request,404,Not Found,Fedora group 1-1,text,false,235,12
1359076299796,11,Fedora Delete Object Request,404,Not Found,Fedora group 1-1,text,false,254,11
1359076300088,13,Fedora Delete Object Request,404,Not Found,Fedora group 1-1,text,false,235,13
1359076300473,11,Fedora Delete Object Request,404,Not Found,Fedora group 1-1,text,false,235,11
1359076300773,14,Fedora Delete Object Request,404,Not Found,Fedora group 1-1,text,false,235,14
1359076301058,14,Fedora Delete Object Request,404,Not Found,Fedora group 1-1,text,false,235,14
1359076301572,14,Fedora Delete Object Request,404,Not Found,Fedora group 1-1,text,false,235,14
1359076301819,12,Fedora Delete Object Request,404,Not Found,Fedora group 1-1,text,false,235,12
1359076302171,15,Fedora Delete Object Request,404,Not Found,Fedora group 1-1,text,false,235,15
1359076302484,11,Fedora Delete Object Request,404,Not Found,Fedora group 1-1,text,false,235,11
1359076302775,19,Fedora Delete Object Request,404,Not Found,Fedora group 1-1,text,false,235,19
1359076303142,18,Fedora Delete Object Request,404,Not Found,Fedora group 1-1,text,false,235,18
1359076309482,13,Fedora Delete Object Request,404,Not Found,Fedora group 1-1,text,false,235,13
1359076310015,11,Fedora Delete Object Request,404,Not Found,Fedora group 1-1,text,false,235,11
1359076310218,19,Fedora Delete Object Request,404,Not Found,Fedora group 1-1,text,false,235,19
1359076310854,12,Fedora Delete Object Request,404,Not Found,Fedora group 1-1,text,false,235,12
1359076311114,13,Fedora Delete Object Request,404,Not Found,Fedora group 1-1,text,false,235,13
1359076311621,13,Fedora Delete Object Request,404,Not Found,Fedora group 1-1,text,false,235,13
1359076312158,12,Fedora Delete Object Request,404,Not Found,Fedora group 1-1,text,false,235,12
1359076312545,12,Fedora Delete Object Request,404,Not Found,Fedora group 1-1,text,false,235,12
1359076312810,16,Fedora Delete Object Request,404,Not Found,Fedora group 1-1,text,false,235,16
1359076313036,14,Fedora Delete Object Request,404,Not Found,Fedora group 1-1,text,false,235,14
1359076313265,11,Fedora Delete Object Request,404,Not Found,Fedora group 1-1,text,false,235,11
1359076313461,12,Fedora Delete Object Request,404,Not Found,Fedora group 1-1,text,false,235,12
1359076314113,14,Fedora Delete Object Request,404,Not Found,Fedora group 1-1,text,false,235,14
1359076314849,14,Fedora Delete Object Request,404,Not Found,Fedora group 1-1,text,false,235,13
1359076315052,11,Fedora Delete Object Request,404,Not Found,Fedora group 1-1,text,false,235,11
1359076316007,11,Fedora Delete Object Request,404,Not Found,Fedora group 1-1,text,false,235,11
1359076316304,11,Fedora Delete Object Request,404,Not Found,Fedora group 1-1,text,false,235,11
1359076316567,12,Fedora Delete Object Request,404,Not Found,Fedora group 1-1,text,false,235,12
1359076316860,14,Fedora Delete Object Request,404,Not Found,Fedora group 1-1,text,false,235,14
1359076317102,14,Fedora Delete Object Request,404,Not Found,Fedora group 1-1,text,false,235,14
1359076317307,11,Fedora Delete Object Request,404,Not Found,Fedora group 1-1,text,false,235,11
1359076317699,15,Fedora Delete Object Request,404,Not Found,Fedora group 1-1,text,false,235,15
1359076317920,11,Fedora Delete Object Request,404,Not Found,Fedora group 1-1,text,false,235,11
1359076318338,11,Fedora Delete Object Request,404,Not Found,Fedora group 1-1,text,false,235,11
1359076318519,12,Fedora Delete Object Request,404,Not Found,Fedora group 1-1,text,false,235,12
1359076318800,12,Fedora Delete Object Request,404,Not Found,Fedora group 1-1,text,false,235,12
1359076318989,14,Fedora Delete Object Request,404,Not Found,Fedora group 1-1,text,false,235,14
1359076319254,12,Fedora Delete Object Request,404,Not Found,Fedora group 1-1,text,false,235,12
1359076319552,13,Fedora Delete Object Request,404,Not Found,Fedora group 1-1,text,false,235,13
1359076319930,11,Fedora Delete Object Request,404,Not Found,Fedora group 1-1,text,false,235,11
1359076320220,17,Fedora Delete Object Request,404,Not Found,Fedora group 1-1,text,false,254,16
1359076320480,21,Fedora Delete Object Request,404,Not Found,Fedora group 1-1,text,false,235,21
1359076320803,15,Fedora Delete Object Request,404,Not Found,Fedora group 1-1,text,false,235,15
1359076321050,15,Fedora Delete Object Request,404,Not Found,Fedora group 1-1,text,false,235,15
1359076321263,12,Fedora Delete Object Request,404,Not Found,Fedora group 1-1,text,false,235,11
1359076321459,15,Fedora Delete Object Request,404,Not Found,Fedora group 1-1,text,false,235,15
1359076321767,19,Fedora Delete Object Request,404,Not Found,Fedora group 1-1,text,false,235,19
1359076322099,13,Fedora Delete Object Request,404,Not Found,Fedora group 1-1,text,false,235,13
1359076322392,15,Fedora Delete Object Request,404,Not Found,Fedora group 1-1,text,false,235,15
1359076322762,11,Fedora Delete Object Request,404,Not Found,Fedora group 1-1,text,false,235,11
1359076323068,12,Fedora Delete Object Request,404,Not Found,Fedora group 1-1,text,false,235,12
1359076323371,15,Fedora Delete Object Request,404,Not Found,Fedora group 1-1,text,false,235,15
1359076323637,13,Fedora Delete Object Request,404,Not Found,Fedora group 1-1,text,false,235,13
1359076324028,10,Fedora Delete Object Request,404,Not Found,Fedora group 1-1,text,false,235,10
1359076324321,13,Fedora Delete Object Request,404,Not Found,Fedora group 1-1,text,false,254,13
1359076324530,12,Fedora Delete Object Request,404,Not Found,Fedora group 1-1,text,false,235,12
1359076324816,14,Fedora Delete Object Request,404,Not Found,Fedora group 1-1,text,false,235,14
1359076325012,12,Fedora Delete Object Request,404,Not Found,Fedora group 1-1,text,false,235,12
1359076325279,12,Fedora Delete Object Request,404,Not Found,Fedora group 1-1,text,false,235,12
1359076325490,13,Fedora Delete Object Request,404,Not Found,Fedora group 1-1,text,false,235,13
1359076325693,11,Fedora Delete Object Request,404,Not Found,Fedora group 1-1,text,false,235,11
1359076325992,12,Fedora Delete Object Request,404,Not Found,Fedora group 1-1,text,false,235,12
1359076326202,12,Fedora Delete Object Request,404,Not Found,Fedora group 1-1,text,false,235,12
1359076326484,12,Fedora Delete Object Request,404,Not Found,Fedora group 1-1,text,false,235,12
1359076326758,13,Fedora Delete Object Request,404,Not Found,Fedora group 1-1,text,false,235,13
1359076326996,13,Fedora Delete Object Request,404,Not Found,Fedora group 1-1,text,false,235,13
1359076327181,14,Fedora Delete Object Request,404,Not Found,Fedora group 1-1,text,false,235,14
1359076327453,12,Fedora Delete Object Request,404,Not Found,Fedora group 1-1,text,false,235,12
1359076327686,11,Fedora Delete Object Request,404,Not Found,Fedora group 1-1,text,false,235,11
1359076327879,15,Fedora Delete Object Request,404,Not Found,Fedora group 1-1,text,false,235,15
1359076328160,15,Fedora Delete Object Request,404,Not Found,Fedora group 1-1,text,false,235,15
1359076328517,12,Fedora Delete Object Request,404,Not Found,Fedora group 1-1,text,false,235,12
1359076328980,12,Fedora Delete Object Request,404,Not Found,Fedora group 1-1,text,false,235,12
1359076329271,14,Fedora Delete Object Request,404,Not Found,Fedora group 1-1,text,false,235,14
1359076329524,15,Fedora Delete Object Request,404,Not Found,Fedora group 1-1,text,false,235,14
1359076329878,12,Fedora Delete Object Request,404,Not Found,Fedora group 1-1,text,false,235,12
1359076330070,18,Fedora Delete Object Request,404,Not Found,Fedora group 1-1,text,false,235,18
1359076330395,11,Fedora Delete Object Request,404,Not Found,Fedora group 1-1,text,false,235,11
1359076330667,16,Fedora Delete Object Request,404,Not Found,Fedora group 1-1,text,false,235,16
1359076330871,13,Fedora Delete Object Request,404,Not Found,Fedora group 1-1,text,false,235,13
1359076331084,13,Fedora Delete Object Request,404,Not Found,Fedora group 1-1,text,false,235,13
1359076331291,16,Fedora Delete Object Request,404,Not Found,Fedora group 1-1,text,false,235,16
1359076331560,14,Fedora Delete Object Request,404,Not Found,Fedora group 1-1,text,false,235,14
1359076331915,14,Fedora Delete Object Request,404,Not Found,Fedora group 1-1,text,false,235,14
1359076332187,21,Fedora Delete Object Request,404,Not Found,Fedora group 1-1,text,false,235,21
1359076332392,14,Fedora Delete Object Request,404,Not Found,Fedora group 1-1,text,false,235,14
1359076332605,14,Fedora Delete Object Request,404,Not Found,Fedora group 1-1,text,false,235,14
1359076332810,16,Fedora Delete Object Request,404,Not Found,Fedora group 1-1,text,false,235,16
1359076333018,13,Fedora Delete Object Request,404,Not Found,Fedora group 1-1,text,false,235,13
1359076333312,13,Fedora Delete Object Request,404,Not Found,Fedora group 1-1,text,false,235,13
1359076333662,16,Fedora Delete Object Request,404,Not Found,Fedora group 1-1,text,false,235,16
1359076333870,13,Fedora Delete Object Request,404,Not Found,Fedora group 1-1,text,false,235,13
1359076334207,16,Fedora Delete Object Request,404,Not Found,Fedora group 1-1,text,false,235,16
1359076334420,17,Fedora Delete Object Request,404,Not Found,Fedora group 1-1,text,false,235,17
1359076337859,16,Fedora Delete Object Request,404,Not Found,Fedora group 1-1,text,false,235,16
1359076338172,13,Fedora Delete Object Request,404,Not Found,Fedora group 1-1,text,false,235,13
1359076338521,13,Fedora Delete Object Request,404,Not Found,Fedora group 1-1,text,false,235,12
1359076338765,13,Fedora Delete Object Request,404,Not Found,Fedora group 1-1,text,false,235,13
1359076339056,20,Fedora Delete Object Request,404,Not Found,Fedora group 1-1,text,false,235,20
1359076339296,17,Fedora Delete Object Request,404,Not Found,Fedora group 1-1,text,false,235,17
1359076339561,15,Fedora Delete Object Request,404,Not Found,Fedora group 1-1,text,false,235,14
1359076339951,14,Fedora Delete Object Request,404,Not Found,Fedora group 1-1,text,false,235,14
1359076340341,15,Fedora Delete Object Request,404,Not Found,Fedora group 1-1,text,false,235,15
1359076340561,19,Fedora Delete Object Request,404,Not Found,Fedora group 1-1,text,false,235,18
1359076341076,13,Fedora Delete Object Request,404,Not Found,Fedora group 1-1,text,false,235,13
1359076341369,17,Fedora Delete Object Request,404,Not Found,Fedora group 1-1,text,false,235,17
1359076343019,15,Fedora Delete Object Request,404,Not Found,Fedora group 1-1,text,false,235,14
1359076346081,16,Fedora Delete Object Request,404,Not Found,Fedora group 1-1,text,false,235,16
1359076346368,17,Fedora Delete Object Request,404,Not Found,Fedora group 1-1,text,false,235,17
1359076346756,14,Fedora Delete Object Request,404,Not Found,Fedora group 1-1,text,false,235,14
1359076347107,12,Fedora Delete Object Request,404,Not Found,Fedora group 1-1,text,false,235,12
1359076347574,15,Fedora Delete Object Request,404,Not Found,Fedora group 1-1,text,false,235,15
1359076347807,14,Fedora Delete Object Request,404,Not Found,Fedora group 1-1,text,false,235,13
1359076348276,14,Fedora Delete Object Request,404,Not Found,Fedora group 1-1,text,false,235,14
1359076348556,14,Fedora Delete Object Request,404,Not Found,Fedora group 1-1,text,false,235,14
1359076348920,14,Fedora Delete Object Request,404,Not Found,Fedora group 1-1,text,false,235,14
1359076349344,14,Fedora Delete Object Request,404,Not Found,Fedora group 1-1,text,false,235,13
1359076349588,21,Fedora Delete Object Request,404,Not Found,Fedora group 1-1,text,false,235,21
1359076349812,14,Fedora Delete Object Request,404,Not Found,Fedora group 1-1,text,false,235,14
1359076350050,19,Fedora Delete Object Request,404,Not Found,Fedora group 1-1,text,false,235,19
1359076350420,14,Fedora Delete Object Request,404,Not Found,Fedora group 1-1,text,false,235,14
1359076350845,14,Fedora Delete Object Request,404,Not Found,Fedora group 1-1,text,false,235,14
1359076351110,13,Fedora Delete Object Request,404,Not Found,Fedora group 1-1,text,false,235,13
1359076351495,17,Fedora Delete Object Request,404,Not Found,Fedora group 1-1,text,false,235,17
1359076351775,14,Fedora Delete Object Request,404,Not Found,Fedora group 1-1,text,false,235,14
1359076352100,11,Fedora Delete Object Request,404,Not Found,Fedora group 1-1,text,false,254,11
1359076352350,12,Fedora Delete Object Request,404,Not Found,Fedora group 1-1,text,false,235,12
1359076352747,11,Fedora Delete Object Request,404,Not Found,Fedora group 1-1,text,false,235,11
1359076352973,15,Fedora Delete Object Request,404,Not Found,Fedora group 1-1,text,false,235,15
1359076353176,11,Fedora Delete Object Request,404,Not Found,Fedora group 1-1,text,false,235,11
1359076353579,13,Fedora Delete Object Request,404,Not Found,Fedora group 1-1,text,false,235,13
1359076353800,11,Fedora Delete Object Request,404,Not Found,Fedora group 1-1,text,false,235,11
1359076354135,13,Fedora Delete Object Request,404,Not Found,Fedora group 1-1,text,false,235,13
1359076354515,15,Fedora Delete Object Request,404,Not Found,Fedora group 1-1,text,false,235,15
1359076354893,13,Fedora Delete Object Request,404,Not Found,Fedora group 1-1,text,false,235,13
1359076355130,12,Fedora Delete Object Request,404,Not Found,Fedora group 1-1,text,false,235,12
1359076355353,15,Fedora Delete Object Request,404,Not Found,Fedora group 1-1,text,false,235,15
1359076355570,16,Fedora Delete Object Request,404,Not Found,Fedora group 1-1,text,false,235,16
1359076355864,15,Fedora Delete Object Request,404,Not Found,Fedora group 1-1,text,false,235,15
1359076356244,16,Fedora Delete Object Request,404,Not Found,Fedora group 1-1,text,false,235,15
1359076356558,20,Fedora Delete Object Request,404,Not Found,Fedora group 1-1,text,false,235,19
1359076356913,12,Fedora Delete Object Request,404,Not Found,Fedora group 1-1,text,false,235,12
1359076357237,14,Fedora Delete Object Request,404,Not Found,Fedora group 1-1,text,false,235,14
1359076357504,13,Fedora Delete Object Request,404,Not Found,Fedora group 1-1,text,false,235,13
1359076357871,19,Fedora Delete Object Request,404,Not Found,Fedora group 1-1,text,false,235,18
1359076358241,12,Fedora Delete Object Request,404,Not Found,Fedora group 1-1,text,false,235,12
1359076358739,14,Fedora Delete Object Request,404,Not Found,Fedora group 1-1,text,false,235,14
1359076359036,16,Fedora Delete Object Request,404,Not Found,Fedora group 1-1,text,false,235,16
1359076359417,15,Fedora Delete Object Request,404,Not Found,Fedora group 1-1,text,false,235,15
1359076359620,19,Fedora Delete Object Request,404,Not Found,Fedora group 1-1,text,false,235,19
1359076360076,12,Fedora Delete Object Request,404,Not Found,Fedora group 1-1,text,false,235,12
1359076360300,15,Fedora Delete Object Request,404,Not Found,Fedora group 1-1,text,false,235,15
1359076360620,18,Fedora Delete Object Request,404,Not Found,Fedora group 1-1,text,false,235,18
1359076360831,15,Fedora Delete Object Request,404,Not Found,Fedora group 1-1,text,false,235,15
1359076361215,18,Fedora Delete Object Request,404,Not Found,Fedora group 1-1,text,false,235,18
1359076361532,14,Fedora Delete Object Request,404,Not Found,Fedora group 1-1,text,false,235,14
1359076361770,16,Fedora Delete Object Request,404,Not Found,Fedora group 1-1,text,false,235,16
1359076361974,18,Fedora Delete Object Request,404,Not Found,Fedora group 1-1,text,false,235,18
1359076362270,15,Fedora Delete Object Request,404,Not Found,Fedora group 1-1,text,false,235,15
1359076362582,13,Fedora Delete Object Request,404,Not Found,Fedora group 1-1,text,false,235,13
1359076362810,15,Fedora Delete Object Request,404,Not Found,Fedora group 1-1,text,false,235,15
1359076363052,14,Fedora Delete Object Request,404,Not Found,Fedora group 1-1,text,false,235,14
1359076363265,17,Fedora Delete Object Request,404,Not Found,Fedora group 1-1,text,false,235,17
1359076363478,20,Fedora Delete Object Request,404,Not Found,Fedora group 1-1,text,false,235,20
1359076363693,12,Fedora Delete Object Request,404,Not Found,Fedora group 1-1,text,false,235,12
1359076363928,15,Fedora Delete Object Request,404,Not Found,Fedora group 1-1,text,false,235,15
1359076364145,15,Fedora Delete Object Request,404,Not Found,Fedora group 1-1,text,false,235,15
1359076364441,11,Fedora Delete Object Request,404,Not Found,Fedora group 1-1,text,false,235,11
1359076364781,12,Fedora Delete Object Request,404,Not Found,Fedora group 1-1,text,false,235,12
1359076365146,13,Fedora Delete Object Request,404,Not Found,Fedora group 1-1,text,false,235,13
1359076365378,11,Fedora Delete Object Request,404,Not Found,Fedora group 1-1,text,false,235,11
1359076365731,14,Fedora Delete Object Request,404,Not Found,Fedora group 1-1,text,false,235,14
1359076366022,13,Fedora Delete Object Request,404,Not Found,Fedora group 1-1,text,false,235,13
1359076366314,16,Fedora Delete Object Request,404,Not Found,Fedora group 1-1,text,false,235,16
1359076366531,15,Fedora Delete Object Request,404,Not Found,Fedora group 1-1,text,false,235,15
1359076366821,16,Fedora Delete Object Request,404,Not Found,Fedora group 1-1,text,false,235,16
1359076367154,16,Fedora Delete Object Request,404,Not Found,Fedora group 1-1,text,false,235,16
1359076367391,14,Fedora Delete Object Request,404,Not Found,Fedora group 1-1,text,false,235,14
1359076367798,18,Fedora Delete Object Request,404,Not Found,Fedora group 1-1,text,false,235,17
1359076368226,14,Fedora Delete Object Request,404,Not Found,Fedora group 1-1,text,false,235,14
1359076368505,18,Fedora Delete Object Request,404,Not Found,Fedora group 1-1,text,false,235,17
1359076368847,22,Fedora Delete Object Request,404,Not Found,Fedora group 1-1,text,false,254,22
1359076369219,16,Fedora Delete Object Request,404,Not Found,Fedora group 1-1,text,false,235,16
1359076369517,16,Fedora Delete Object Request,404,Not Found,Fedora group 1-1,text,false,235,16
1359076369725,19,Fedora Delete Object Request,404,Not Found,Fedora group 1-1,text,false,235,19
1359076370042,11,Fedora Delete Object Request,404,Not Found,Fedora group 1-1,text,false,235,11
1359076370323,21,Fedora Delete Object Request,404,Not Found,Fedora group 1-1,text,false,235,21
1359076370694,14,Fedora Delete Object Request,404,Not Found,Fedora group 1-1,text,false,235,14
1359076371032,12,Fedora Delete Object Request,404,Not Found,Fedora group 1-1,text,false,235,12
1359076371255,13,Fedora Delete Object Request,404,Not Found,Fedora group 1-1,text,false,235,13
1359076371457,13,Fedora Delete Object Request,404,Not Found,Fedora group 1-1,text,false,235,13
1359076372016,12,Fedora Delete Object Request,404,Not Found,Fedora group 1-1,text,false,235,12
1359076372266,16,Fedora Delete Object Request,404,Not Found,Fedora group 1-1,text,false,235,16
1359076372493,12,Fedora Delete Object Request,404,Not Found,Fedora group 1-1,text,false,235,12
1359076372790,11,Fedora Delete Object Request,404,Not Found,Fedora group 1-1,text,false,235,11
1359076372971,12,Fedora Delete Object Request,404,Not Found,Fedora group 1-1,text,false,254,12
1359076373922,12,Fedora Delete Object Request,404,Not Found,Fedora group 1-1,text,false,235,12
1359076374372,15,Fedora Delete Object Request,404,Not Found,Fedora group 1-1,text,false,235,15
1359076374611,18,Fedora Delete Object Request,404,Not Found,Fedora group 1-1,text,false,235,18
1359076374853,11,Fedora Delete Object Request,404,Not Found,Fedora group 1-1,text,false,235,11
1359076375242,17,Fedora Delete Object Request,404,Not Found,Fedora group 1-1,text,false,235,17
1359076375453,13,Fedora Delete Object Request,404,Not Found,Fedora group 1-1,text,false,235,13
1359076375641,13,Fedora Delete Object Request,404,Not Found,Fedora group 1-1,text,false,235,12
1359076375951,12,Fedora Delete Object Request,404,Not Found,Fedora group 1-1,text,false,235,12
1359076376141,15,Fedora Delete Object Request,404,Not Found,Fedora group 1-1,text,false,235,15
1359076376410,13,Fedora Delete Object Request,404,Not Found,Fedora group 1-1,text,false,235,12
1359076376685,14,Fedora Delete Object Request,404,Not Found,Fedora group 1-1,text,false,235,14
1359076376906,11,Fedora Delete Object Request,404,Not Found,Fedora group 1-1,text,false,235,11
1359076377192,13,Fedora Delete Object Request,404,Not Found,Fedora group 1-1,text,false,235,13
1359076377399,19,Fedora Delete Object Request,404,Not Found,Fedora group 1-1,text,false,235,19
1359076377813,12,Fedora Delete Object Request,404,Not Found,Fedora group 1-1,text,false,235,12
1359076378106,23,Fedora Delete Object Request,404,Not Found,Fedora group 1-1,text,false,235,23
1359076378429,15,Fedora Delete Object Request,404,Not Found,Fedora group 1-1,text,false,235,15
1359076378688,15,Fedora Delete Object Request,404,Not Found,Fedora group 1-1,text,false,235,15
1359076378897,17,Fedora Delete Object Request,404,Not Found,Fedora group 1-1,text,false,235,17
1359076379141,13,Fedora Delete Object Request,404,Not Found,Fedora group 1-1,text,false,235,13
1359076379491,11,Fedora Delete Object Request,404,Not Found,Fedora group 1-1,text,false,235,11
1359076380259,12,Fedora Delete Object Request,404,Not Found,Fedora group 1-1,text,false,235,12
1359076380904,12,Fedora Delete Object Request,404,Not Found,Fedora group 1-1,text,false,235,12
1359076381186,13,Fedora Delete Object Request,404,Not Found,Fedora group 1-1,text,false,235,13
1359076381530,16,Fedora Delete Object Request,404,Not Found,Fedora group 1-1,text,false,235,16
1359076381860,15,Fedora Delete Object Request,404,Not Found,Fedora group 1-1,text,false,235,15
1359076382087,11,Fedora Delete Object Request,404,Not Found,Fedora group 1-1,text,false,235,11
1359076382759,12,Fedora Delete Object Request,404,Not Found,Fedora group 1-1,text,false,235,12
1359076383023,15,Fedora Delete Object Request,404,Not Found,Fedora group 1-1,text,false,235,15
1359076383815,12,Fedora Delete Object Request,404,Not Found,Fedora group 1-1,text,false,235,12
1359076384117,13,Fedora Delete Object Request,404,Not Found,Fedora group 1-1,text,false,235,13
1359076384428,17,Fedora Delete Object Request,404,Not Found,Fedora group 1-1,text,false,235,17
1359076384661,12,Fedora Delete Object Request,404,Not Found,Fedora group 1-1,text,false,235,12
1359076384909,19,Fedora Delete Object Request,404,Not Found,Fedora group 1-1,text,false,235,19
1359076385137,15,Fedora Delete Object Request,404,Not Found,Fedora group 1-1,text,false,235,15
1359076385338,17,Fedora Delete Object Request,404,Not Found,Fedora group 1-1,text,false,235,17
1359076385748,16,Fedora Delete Object Request,404,Not Found,Fedora group 1-1,text,false,235,16
1359076386019,16,Fedora Delete Object Request,404,Not Found,Fedora group 1-1,text,false,235,16
1359076386308,13,Fedora Delete Object Request,404,Not Found,Fedora group 1-1,text,false,235,13
1359076386732,15,Fedora Delete Object Request,404,Not Found,Fedora group 1-1,text,false,235,15
1359076386957,11,Fedora Delete Object Request,404,Not Found,Fedora group 1-1,text,false,235,11
1359076387092,14,Fedora Delete Object Request,404,Not Found,Fedora group 1-1,text,false,235,14
1359076387292,16,Fedora Delete Object Request,404,Not Found,Fedora group 1-1,text,false,235,16
1359076387509,11,Fedora Delete Object Request,404,Not Found,Fedora group 1-1,text,false,235,11
1359076387956,17,Fedora Delete Object Request,404,Not Found,Fedora group 1-1,text,false,235,17
1359076388469,12,Fedora Delete Object Request,404,Not Found,Fedora group 1-1,text,false,235,11
1359076388823,18,Fedora Delete Object Request,404,Not Found,Fedora group 1-1,text,false,235,18
1359076389173,12,Fedora Delete Object Request,404,Not Found,Fedora group 1-1,text,false,235,12
1359076389405,18,Fedora Delete Object Request,404,Not Found,Fedora group 1-1,text,false,235,18
1359076389657,17,Fedora Delete Object Request,404,Not Found,Fedora group 1-1,text,false,235,17
1359076390049,12,Fedora Delete Object Request,404,Not Found,Fedora group 1-1,text,false,235,12
1359076390340,13,Fedora Delete Object Request,404,Not Found,Fedora group 1-1,text,false,235,13
1359076390574,16,Fedora Delete Object Request,404,Not Found,Fedora group 1-1,text,false,235,16
1359076390884,21,Fedora Delete Object Request,404,Not Found,Fedora group 1-1,text,false,235,21
1359076391292,13,Fedora Delete Object Request,404,Not Found,Fedora group 1-1,text,false,235,13
1359076391531,17,Fedora Delete Object Request,404,Not Found,Fedora group 1-1,text,false,235,17
1359076391871,12,Fedora Delete Object Request,404,Not Found,Fedora group 1-1,text,false,235,12
1359076392075,12,Fedora Delete Object Request,404,Not Found,Fedora group 1-1,text,false,235,12
1359076392269,11,Fedora Delete Object Request,404,Not Found,Fedora group 1-1,text,false,235,11
1359076392663,13,Fedora Delete Object Request,404,Not Found,Fedora group 1-1,text,false,235,13
1359076392944,15,Fedora Delete Object Request,404,Not Found,Fedora group 1-1,text,false,235,15
1359076393331,12,Fedora Delete Object Request,404,Not Found,Fedora group 1-1,text,false,235,12
1359076393680,16,Fedora Delete Object Request,404,Not Found,Fedora group 1-1,text,false,235,16
1359076393878,17,Fedora Delete Object Request,404,Not Found,Fedora group 1-1,text,false,235,17
1359076394168,12,Fedora Delete Object Request,404,Not Found,Fedora group 1-1,text,false,235,11
1359076394454,15,Fedora Delete Object Request,404,Not Found,Fedora group 1-1,text,false,235,15
1359076395022,13,Fedora Delete Object Request,404,Not Found,Fedora group 1-1,text,false,235,13
1359076395261,13,Fedora Delete Object Request,404,Not Found,Fedora group 1-1,text,false,235,13
1359076395484,16,Fedora Delete Object Request,404,Not Found,Fedora group 1-1,text,false,235,16
1359076395699,11,Fedora Delete Object Request,404,Not Found,Fedora group 1-1,text,false,235,11
1359076395999,11,Fedora Delete Object Request,404,Not Found,Fedora group 1-1,text,false,235,11
1359076396328,16,Fedora Delete Object Request,404,Not Found,Fedora group 1-1,text,false,235,16
1359076396538,14,Fedora Delete Object Request,404,Not Found,Fedora group 1-1,text,false,235,14
