1359076173636,474,Fedora Create Object Request,201,Created,Fedora group 1-1,text,true,290,474
1359076174894,211,Fedora Create Object Request,201,Created,Fedora group 1-1,text,true,290,211
1359076175725,233,Fedora Create Object Request,201,Created,Fedora group 1-1,text,true,290,233
1359076176391,215,Fedora Create Object Request,201,Created,Fedora group 1-1,text,true,290,215
1359076176862,139,Fedora Create Object Request,201,Created,Fedora group 1-1,text,true,290,139
1359076177234,104,Fedora Create Object Request,201,Created,Fedora group 1-1,text,true,290,103
1359076177674,113,Fedora Create Object Request,201,Created,Fedora group 1-1,text,true,290,112
1359076178028,132,Fedora Create Object Request,201,Created,Fedora group 1-1,text,true,290,132
1359076178379,121,Fedora Create Object Request,201,Created,Fedora group 1-1,text,true,290,120
1359076179116,240,Fedora Create Object Request,201,Created,Fedora group 1-1,text,true,292,240
1359076179571,237,Fedora Create Object Request,201,Created,Fedora group 1-1,text,true,292,237
1359076180011,109,Fedora Create Object Request,201,Created,Fedora group 1-1,text,true,292,109
1359076180328,119,Fedora Create Object Request,201,Created,Fedora group 1-1,text,true,292,119
1359076180689,282,Fedora Create Object Request,201,Created,Fedora group 1-1,text,true,292,282
1359076181303,150,Fedora Create Object Request,201,Created,Fedora group 1-1,text,true,292,150
1359076181837,985,Fedora Create Object Request,201,Created,Fedora group 1-1,text,true,292,985
1359076183145,113,Fedora Create Object Request,201,Created,Fedora group 1-1,text,true,292,112
1359076183717,144,Fedora Create Object Request,201,Created,Fedora group 1-1,text,true,292,144
1359076184321,88,Fedora Create Object Request,201,Created,Fedora group 1-1,text,true,292,87
1359076184599,89,Fedora Create Object Request,201,Created,Fedora group 1-1,text,true,292,89
1359076185342,97,Fedora Create Object Request,201,Created,Fedora group 1-1,text,true,292,97
1359076185604,89,Fedora Create Object Request,201,Created,Fedora group 1-1,text,true,292,89
1359076185947,119,Fedora Create Object Request,201,Created,Fedora group 1-1,text,true,292,119
1359076186234,81,Fedora Create Object Request,201,Created,Fedora group 1-1,text,true,292,81
1359076186470,117,Fedora Create Object Request,201,Created,Fedora group 1-1,text,true,292,117
1359076187127,195,Fedora Create Object Request,201,Created,Fedora group 1-1,text,true,292,194
1359076187541,94,Fedora Create Object Request,201,Created,Fedora group 1-1,text,true,292,94
1359076187981,79,Fedora Create Object Request,201,Created,Fedora group 1-1,text,true,292,79
1359076188240,82,Fedora Create Object Request,201,Created,Fedora group 1-1,text,true,292,82
1359076188486,84,Fedora Create Object Request,201,Created,Fedora group 1-1,text,true,292,84
1359076188723,88,Fedora Create Object Request,201,Created,Fedora group 1-1,text,true,292,88
1359076189048,82,Fedora Create Object Request,201,Created,Fedora group 1-1,text,true,292,82
1359076189597,76,Fedora Create Object Request,201,Created,Fedora group 1-1,text,true,292,76
1359076190039,77,Fedora Create Object Request,201,Created,Fedora group 1-1,text,true,292,77
1359076190297,74,Fedora Create Object Request,201,Created,Fedora group 1-1,text,true,292,74
1359076190634,105,Fedora Create Object Request,201,Created,Fedora group 1-1,text,true,292,105
1359076190913,72,Fedora Create Object Request,201,Created,Fedora group 1-1,text,true,292,71
1359076191200,118,Fedora Create Object Request,201,Created,Fedora group 1-1,text,true,292,118
1359076191672,157,Fedora Create Object Request,201,Created,Fedora group 1-1,text,true,292,157
1359076192311,73,Fedora Create Object Request,201,Created,Fedora group 1-1,text,true,292,72
1359076192712,76,Fedora Create Object Request,201,Created,Fedora group 1-1,text,true,292,75
1359076192942,72,Fedora Create Object Request,201,Created,Fedora group 1-1,text,true,292,72
1359076193319,80,Fedora Create Object Request,201,Created,Fedora group 1-1,text,true,292,80
1359076193557,86,Fedora Create Object Request,201,Created,Fedora group 1-1,text,true,292,86
1359076193828,81,Fedora Create Object Request,201,Created,Fedora group 1-1,text,true,292,81
1359076194157,213,Fedora Create Object Request,201,Created,Fedora group 1-1,text,true,292,213
1359076194539,80,Fedora Create Object Request,201,Created,Fedora group 1-1,text,true,292,80
1359076194977,76,Fedora Create Object Request,201,Created,Fedora group 1-1,text,true,292,76
1359076195214,69,Fedora Create Object Request,201,Created,Fedora group 1-1,text,true,292,69
1359076195545,77,Fedora Create Object Request,201,Created,Fedora group 1-1,text,true,292,77
1359076195768,115,Fedora Create Object Request,201,Created,Fedora group 1-1,text,true,292,115
1359076196151,95,Fedora Create Object Request,201,Created,Fedora group 1-1,text,true,292,95
1359076196673,82,Fedora Create Object Request,201,Created,Fedora group 1-1,text,true,292,81
1359076196980,74,Fedora Create Object Request,201,Created,Fedora group 1-1,text,true,292,74
1359076197197,75,Fedora Create Object Request,201,Created,Fedora group 1-1,text,true,292,75
1359076197479,76,Fedora Create Object Request,201,Created,Fedora group 1-1,text,true,311,76
1359076197708,74,Fedora Create Object Request,201,Created,Fedora group 1-1,text,true,292,74
1359076197921,107,Fedora Create Object Request,201,Created,Fedora group 1-1,text,true,292,106
1359076198269,73,Fedora Create Object Request,201,Created,Fedora group 1-1,text,true,292,73
1359076198498,75,Fedora Create Object Request,201,Created,Fedora group 1-1,text,true,292,75
1359076198816,74,Fedora Create Object Request,201,Created,Fedora group 1-1,text,true,292,74
1359076199089,77,Fedora Create Object Request,201,Created,Fedora group 1-1,text,true,292,77
1359076199322,100,Fedora Create Object Request,201,Created,Fedora group 1-1,text,true,292,100
1359076199971,99,Fedora Create Object Request,201,Created,Fedora group 1-1,text,true,292,99
1359076200370,72,Fedora Create Object Request,201,Created,Fedora group 1-1,text,true,292,72
1359076200589,70,Fedora Create Object Request,201,Created,Fedora group 1-1,text,true,292,70
1359076200891,78,Fedora Create Object Request,201,Created,Fedora group 1-1,text,true,292,78
1359076201685,73,Fedora Create Object Request,201,Created,Fedora group 1-1,text,true,292,73
1359076201990,98,Fedora Create Object Request,201,Created,Fedora group 1-1,text,true,292,98
1359076202322,83,Fedora Create Object Request,201,Created,Fedora group 1-1,text,true,292,83
1359076202549,70,Fedora Create Object Request,201,Created,Fedora group 1-1,text,true,292,70
1359076203144,68,Fedora Create Object Request,201,Created,Fedora group 1-1,text,true,292,68
1359076203440,67,Fedora Create Object Request,201,Created,Fedora group 1-1,text,true,292,67
1359076203733,71,Fedora Create Object Request,201,Created,Fedora group 1-1,text,true,292,71
1359076203952,71,Fedora Create Object Request,201,Created,Fedora group 1-1,text,true,292,71
1359076204330,68,Fedora Create Object Request,201,Created,Fedora group 1-1,text,true,292,67
1359076204640,92,Fedora Create Object Request,201,Created,Fedora group 1-1,text,true,292,92
1359076204888,81,Fedora Create Object Request,201,Created,Fedora group 1-1,text,true,292,81
1359076205153,100,Fedora Create Object Request,201,Created,Fedora group 1-1,text,true,292,100
1359076205431,90,Fedora Create Object Request,201,Created,Fedora group 1-1,text,true,292,90
1359076205755,68,Fedora Create Object Request,201,Created,Fedora group 1-1,text,true,292,68
1359076206117,101,Fedora Create Object Request,201,Created,Fedora group 1-1,text,true,292,101
1359076206469,62,Fedora Create Object Request,201,Created,Fedora group 1-1,text,true,292,62
1359076206736,115,Fedora Create Object Request,201,Created,Fedora group 1-1,text,true,292,114
1359076206993,66,Fedora Create Object Request,201,Created,Fedora group 1-1,text,true,292,66
1359076207350,73,Fedora Create Object Request,201,Created,Fedora group 1-1,text,true,292,73
1359076207728,68,Fedora Create Object Request,201,Created,Fedora group 1-1,text,true,292,67
1359076208029,75,Fedora Create Object Request,201,Created,Fedora group 1-1,text,true,292,75
1359076208275,74,Fedora Create Object Request,201,Created,Fedora group 1-1,text,true,292,74
1359076208517,72,Fedora Create Object Request,201,Created,Fedora group 1-1,text,true,292,71
1359076208744,130,Fedora Create Object Request,201,Created,Fedora group 1-1,text,true,292,130
1359076209032,73,Fedora Create Object Request,201,Created,Fedora group 1-1,text,true,292,73
1359076209332,70,Fedora Create Object Request,201,Created,Fedora group 1-1,text,true,292,70
1359076209769,102,Fedora Create Object Request,201,Created,Fedora group 1-1,text,true,292,102
1359076210030,81,Fedora Create Object Request,201,Created,Fedora group 1-1,text,true,292,81
1359076210376,80,Fedora Create Object Request,201,Created,Fedora group 1-1,text,true,292,80
1359076210602,70,Fedora Create Object Request,201,Created,Fedora group 1-1,text,true,292,70
1359076210819,75,Fedora Create Object Request,201,Created,Fedora group 1-1,text,true,292,75
1359076211172,66,Fedora Create Object Request,201,Created,Fedora group 1-1,text,true,292,66
1359076211839,67,Fedora Create Object Request,201,Created,Fedora group 1-1,text,true,294,67
1359076212050,77,Fedora Create Object Request,201,Created,Fedora group 1-1,text,true,294,77
1359076212463,67,Fedora Create Object Request,201,Created,Fedora group 1-1,text,true,294,67
1359076212674,69,Fedora Create Object Request,201,Created,Fedora group 1-1,text,true,294,68
1359076213370,63,Fedora Create Object Request,201,Created,Fedora group 1-1,text,true,294,63
1359076213829,68,Fedora Create Object Request,201,Created,Fedora group 1-1,text,true,294,68
1359076214123,67,Fedora Create Object Request,201,Created,Fedora group 1-1,text,true,294,67
1359076214338,238,Fedora Create Object Request,201,Created,Fedora group 1-1,text,true,294,238
1359076215004,74,Fedora Create Object Request,201,Created,Fedora group 1-1,text,true,294,74
1359076215215,71,Fedora Create Object Request,201,Created,Fedora group 1-1,text,true,294,71
1359076215416,74,Fedora Create Object Request,201,Created,Fedora group 1-1,text,true,294,74
1359076215625,102,Fedora Create Object Request,201,Created,Fedora group 1-1,text,true,294,102
1359076215871,69,Fedora Create Object Request,201,Created,Fedora group 1-1,text,true,294,69
1359076216145,111,Fedora Create Object Request,201,Created,Fedora group 1-1,text,true,294,110
1359076216587,69,Fedora Create Object Request,201,Created,Fedora group 1-1,text,true,294,68
1359076216812,61,Fedora Create Object Request,201,Created,Fedora group 1-1,text,true,294,61
1359076217240,76,Fedora Create Object Request,201,Created,Fedora group 1-1,text,true,294,75
1359076217453,91,Fedora Create Object Request,201,Created,Fedora group 1-1,text,true,294,91
1359076217731,98,Fedora Create Object Request,201,Created,Fedora group 1-1,text,true,294,98
1359076217979,65,Fedora Create Object Request,201,Created,Fedora group 1-1,text,true,294,65
1359076218208,63,Fedora Create Object Request,201,Created,Fedora group 1-1,text,true,294,62
1359076218647,77,Fedora Create Object Request,201,Created,Fedora group 1-1,text,true,294,77
1359076218881,73,Fedora Create Object Request,201,Created,Fedora group 1-1,text,true,294,73
1359076219307,62,Fedora Create Object Request,201,Created,Fedora group 1-1,text,true,294,62
1359076219505,68,Fedora Create Object Request,201,Created,Fedora group 1-1,text,true,294,68
1359076219715,197,Fedora Create Object Request,201,Created,Fedora group 1-1,text,true,294,196
1359076220070,74,Fedora Create Object Request,201,Created,Fedora group 1-1,text,true,294,73
1359076220369,63,Fedora Create Object Request,201,Created,Fedora group 1-1,text,true,294,63
1359076220578,80,Fedora Create Object Request,201,Created,Fedora group 1-1,text,true,294,79
1359076220866,67,Fedora Create Object Request,201,Created,Fedora group 1-1,text,true,294,67
1359076221069,67,Fedora Create Object Request,201,Created,Fedora group 1-1,text,true,294,66
1359076221460,88,Fedora Create Object Request,201,Created,Fedora group 1-1,text,true,294,87
1359076221689,65,Fedora Create Object Request,201,Created,Fedora group 1-1,text,true,294,65
1359076222019,67,Fedora Create Object Request,201,Created,Fedora group 1-1,text,true,294,67
1359076222234,58,Fedora Create Object Request,201,Created,Fedora group 1-1,text,true,294,58
1359076222499,64,Fedora Create Object Request,201,Created,Fedora group 1-1,text,true,294,64
1359076222708,65,Fedora Create Object Request,201,Created,Fedora group 1-1,text,true,294,65
1359076222918,82,Fedora Create Object Request,201,Created,Fedora group 1-1,text,true,294,81
1359076223230,60,Fedora Create Object Request,201,Created,Fedora group 1-1,text,true,294,60
1359076223481,61,Fedora Create Object Request,201,Created,Fedora group 1-1,text,true,294,61
1359076223796,80,Fedora Create Object Request,201,Created,Fedora group 1-1,text,true,294,80
1359076224012,83,Fedora Create Object Request,201,Created,Fedora group 1-1,text,true,294,83
1359076224302,76,Fedora Create Object Request,201,Created,Fedora group 1-1,text,true,294,76
1359076224587,65,Fedora Create Object Request,201,Created,Fedora group 1-1,text,true,294,64
1359076225017,139,Fedora Create Object Request,201,Created,Fedora group 1-1,text,true,294,139
1359076225301,63,Fedora Create Object Request,201,Created,Fedora group 1-1,text,true,294,63
1359076225800,76,Fedora Create Object Request,201,Created,Fedora group 1-1,text,true,294,76
1359076226035,88,Fedora Create Object Request,201,Created,Fedora group 1-1,text,true,294,88
1359076226383,66,Fedora Create Object Request,201,Created,Fedora group 1-1,text,true,294,65
1359076226590,73,Fedora Create Object Request,201,Created,Fedora group 1-1,text,true,294,73
1359076226885,73,Fedora Create Object Request,201,Created,Fedora group 1-1,text,true,294,72
1359076227195,63,Fedora Create Object Request,201,Created,Fedora group 1-1,text,true,294,63
1359076227597,56,Fedora Create Object Request,201,Created,Fedora group 1-1,text,true,294,56
1359076227785,82,Fedora Create Object Request,201,Created,Fedora group 1-1,text,true,294,82
1359076228195,62,Fedora Create Object Request,201,Created,Fedora group 1-1,text,true,294,62
1359076228406,65,Fedora Create Object Request,201,Created,Fedora group 1-1,text,true,294,65
1359076228616,62,Fedora Create Object Request,201,Created,Fedora group 1-1,text,true,294,62
1359076228921,67,Fedora Create Object Request,201,Created,Fedora group 1-1,text,true,294,67
1359076229133,65,Fedora Create Object Request,201,Created,Fedora group 1-1,text,true,294,65
1359076229342,70,Fedora Create Object Request,201,Created,Fedora group 1-1,text,true,294,70
1359076229569,72,Fedora Create Object Request,201,Created,Fedora group 1-1,text,true,294,72
1359076229788,476,Fedora Create Object Request,201,Created,Fedora group 1-1,text,true,294,476
1359076230428,55,Fedora Create Object Request,201,Created,Fedora group 1-1,text,true,294,54
1359076230749,66,Fedora Create Object Request,201,Created,Fedora group 1-1,text,true,294,66
1359076231048,67,Fedora Create Object Request,201,Created,Fedora group 1-1,text,true,294,66
1359076231262,64,Fedora Create Object Request,201,Created,Fedora group 1-1,text,true,294,64
1359076231471,68,Fedora Create Object Request,201,Created,Fedora group 1-1,text,true,294,68
1359076231749,63,Fedora Create Object Request,201,Created,Fedora group 1-1,text,true,294,63
1359076231945,55,Fedora Create Object Request,201,Created,Fedora group 1-1,text,true,294,55
1359076232210,74,Fedora Create Object Request,201,Created,Fedora group 1-1,text,true,294,74
1359076232677,60,Fedora Create Object Request,201,Created,Fedora group 1-1,text,true,313,59
1359076232936,58,Fedora Create Object Request,201,Created,Fedora group 1-1,text,true,294,58
1359076233134,74,Fedora Create Object Request,201,Created,Fedora group 1-1,text,true,294,74
1359076233339,81,Fedora Create Object Request,201,Created,Fedora group 1-1,text,true,294,81
1359076233602,58,Fedora Create Object Request,201,Created,Fedora group 1-1,text,true,294,58
1359076233792,67,Fedora Create Object Request,201,Created,Fedora group 1-1,text,true,294,67
1359076234021,75,Fedora Create Object Request,201,Created,Fedora group 1-1,text,true,294,75
1359076234243,63,Fedora Create Object Request,201,Created,Fedora group 1-1,text,true,294,63
1359076234511,68,Fedora Create Object Request,201,Created,Fedora group 1-1,text,true,294,68
1359076236123,61,Fedora Create Object Request,201,Created,Fedora group 1-1,text,true,294,61
1359076236396,92,Fedora Create Object Request,201,Created,Fedora group 1-1,text,true,294,92
1359076236832,70,Fedora Create Object Request,201,Created,Fedora group 1-1,text,true,294,70
1359076237094,61,Fedora Create Object Request,201,Created,Fedora group 1-1,text,true,294,61
1359076237382,55,Fedora Create Object Request,201,Created,Fedora group 1-1,text,true,294,55
1359076237682,79,Fedora Create Object Request,201,Created,Fedora group 1-1,text,true,294,79
1359076237981,59,Fedora Create Object Request,201,Created,Fedora group 1-1,text,true,294,59
1359076238578,66,Fedora Create Object Request,201,Created,Fedora group 1-1,text,true,294,66
1359076239097,57,Fedora Create Object Request,201,Created,Fedora group 1-1,text,true,294,57
1359076239351,57,Fedora Create Object Request,201,Created,Fedora group 1-1,text,true,294,57
1359076239536,89,Fedora Create Object Request,201,Created,Fedora group 1-1,text,true,294,88
1359076239784,539,Fedora Create Object Request,201,Created,Fedora group 1-1,text,true,294,539
1359076240469,78,Fedora Create Object Request,201,Created,Fedora group 1-1,text,true,294,78
1359076240812,57,Fedora Create Object Request,201,Created,Fedora group 1-1,text,true,294,57
1359076241110,68,Fedora Create Object Request,201,Created,Fedora group 1-1,text,true,294,68
1359076241327,67,Fedora Create Object Request,201,Created,Fedora group 1-1,text,true,294,67
1359076241685,55,Fedora Create Object Request,201,Created,Fedora group 1-1,text,true,294,55
1359076242102,73,Fedora Create Object Request,201,Created,Fedora group 1-1,text,true,313,73
1359076242305,61,Fedora Create Object Request,201,Created,Fedora group 1-1,text,true,294,61
1359076242498,65,Fedora Create Object Request,201,Created,Fedora group 1-1,text,true,294,65
1359076242783,67,Fedora Create Object Request,201,Created,Fedora group 1-1,text,true,294,67
1359076243237,63,Fedora Create Object Request,201,Created,Fedora group 1-1,text,true,294,63
1359076243447,61,Fedora Create Object Request,201,Created,Fedora group 1-1,text,true,294,61
1359076243728,66,Fedora Create Object Request,201,Created,Fedora group 1-1,text,true,294,66
1359076243933,61,Fedora Create Object Request,201,Created,Fedora group 1-1,text,true,294,61
1359076244135,76,Fedora Create Object Request,201,Created,Fedora group 1-1,text,true,294,76
1359076244375,66,Fedora Create Object Request,201,Created,Fedora group 1-1,text,true,294,66
1359076244658,59,Fedora Create Object Request,201,Created,Fedora group 1-1,text,true,294,59
1359076245149,839,Fedora Create Object Request,201,Created,Fedora group 1-1,text,true,294,839
1359076246260,71,Fedora Create Object Request,201,Created,Fedora group 1-1,text,true,294,71
1359076246560,54,Fedora Create Object Request,201,Created,Fedora group 1-1,text,true,294,54
1359076246765,59,Fedora Create Object Request,201,Created,Fedora group 1-1,text,true,294,59
1359076246962,57,Fedora Create Object Request,201,Created,Fedora group 1-1,text,true,294,57
1359076247162,62,Fedora Create Object Request,201,Created,Fedora group 1-1,text,true,294,62
1359076247436,64,Fedora Create Object Request,201,Created,Fedora group 1-1,text,true,294,63
1359076247711,64,Fedora Create Object Request,201,Created,Fedora group 1-1,text,true,294,63
1359076247988,58,Fedora Create Object Request,201,Created,Fedora group 1-1,text,true,294,58
1359076248286,71,Fedora Create Object Request,201,Created,Fedora group 1-1,text,true,294,71
1359076248577,79,Fedora Create Object Request,201,Created,Fedora group 1-1,text,true,294,79
1359076248912,55,Fedora Create Object Request,201,Created,Fedora group 1-1,text,true,294,55
1359076249147,55,Fedora Create Object Request,201,Created,Fedora group 1-1,text,true,294,55
1359076249343,60,Fedora Create Object Request,201,Created,Fedora group 1-1,text,true,294,60
1359076249638,58,Fedora Create Object Request,201,Created,Fedora group 1-1,text,true,294,58
1359076250066,62,Fedora Create Object Request,201,Created,Fedora group 1-1,text,true,294,62
1359076250330,65,Fedora Create Object Request,201,Created,Fedora group 1-1,text,true,294,65
1359076250670,128,Fedora Create Object Request,201,Created,Fedora group 1-1,text,true,313,128
1359076251157,60,Fedora Create Object Request,201,Created,Fedora group 1-1,text,true,294,60
1359076251363,62,Fedora Create Object Request,201,Created,Fedora group 1-1,text,true,294,62
1359076251563,87,Fedora Create Object Request,201,Created,Fedora group 1-1,text,true,294,87
1359076252013,60,Fedora Create Object Request,201,Created,Fedora group 1-1,text,true,294,59
1359076252388,59,Fedora Create Object Request,201,Created,Fedora group 1-1,text,true,294,59
1359076252580,98,Fedora Create Object Request,201,Created,Fedora group 1-1,text,true,294,97
1359076252818,66,Fedora Create Object Request,201,Created,Fedora group 1-1,text,true,294,66
1359076253042,65,Fedora Create Object Request,201,Created,Fedora group 1-1,text,true,294,61
1359076253424,58,Fedora Create Object Request,201,Created,Fedora group 1-1,text,true,294,57
1359076253701,80,Fedora Create Object Request,201,Created,Fedora group 1-1,text,true,294,80
1359076254053,62,Fedora Create Object Request,201,Created,Fedora group 1-1,text,true,294,62
1359076254377,65,Fedora Create Object Request,201,Created,Fedora group 1-1,text,true,294,65
1359076254587,91,Fedora Create Object Request,201,Created,Fedora group 1-1,text,true,294,91
1359076254830,52,Fedora Create Object Request,201,Created,Fedora group 1-1,text,true,313,52
1359076255038,61,Fedora Create Object Request,201,Created,Fedora group 1-1,text,true,294,61
1359076255357,60,Fedora Create Object Request,201,Created,Fedora group 1-1,text,true,294,60
1359076255682,54,Fedora Create Object Request,201,Created,Fedora group 1-1,text,true,294,54
1359076256114,134,Fedora Create Object Request,201,Created,Fedora group 1-1,text,true,294,134
1359076256538,58,Fedora Create Object Request,201,Created,Fedora group 1-1,text,true,294,58
1359076256728,60,Fedora Create Object Request,201,Created,Fedora group 1-1,text,true,294,60
1359076256925,60,Fedora Create Object Request,201,Created,Fedora group 1-1,text,true,294,60
1359076257119,62,Fedora Create Object Request,201,Created,Fedora group 1-1,text,true,294,62
1359076257334,65,Fedora Create Object Request,201,Created,Fedora group 1-1,text,true,294,65
1359076257609,59,Fedora Create Object Request,201,Created,Fedora group 1-1,text,true,294,59
1359076257879,63,Fedora Create Object Request,201,Created,Fedora group 1-1,text,true,294,63
1359076258238,53,Fedora Create Object Request,201,Created,Fedora group 1-1,text,true,294,53
1359076258423,54,Fedora Create Object Request,201,Created,Fedora group 1-1,text,true,294,54
1359076258672,57,Fedora Create Object Request,201,Created,Fedora group 1-1,text,true,313,57
1359076259026,55,Fedora Create Object Request,201,Created,Fedora group 1-1,text,true,294,55
1359076259213,55,Fedora Create Object Request,201,Created,Fedora group 1-1,text,true,294,55
1359076259426,54,Fedora Create Object Request,201,Created,Fedora group 1-1,text,true,294,54
1359076259619,56,Fedora Create Object Request,201,Created,Fedora group 1-1,text,true,294,55
1359076259988,61,Fedora Create Object Request,201,Created,Fedora group 1-1,text,true,294,61
1359076260197,65,Fedora Create Object Request,201,Created,Fedora group 1-1,text,true,294,65
1359076260412,59,Fedora Create Object Request,201,Created,Fedora group 1-1,text,true,294,59
1359076260615,61,Fedora Create Object Request,201,Created,Fedora group 1-1,text,true,294,61
1359076261578,60,Fedora Create Object Request,201,Created,Fedora group 1-1,text,true,294,60
1359076262101,70,Fedora Create Object Request,201,Created,Fedora group 1-1,text,true,294,70
1359076262323,63,Fedora Create Object Request,201,Created,Fedora group 1-1,text,true,294,63
1359076262532,76,Fedora Create Object Request,201,Created,Fedora group 1-1,text,true,294,76
1359076262964,63,Fedora Create Object Request,201,Created,Fedora group 1-1,text,true,294,63
1359076263261,66,Fedora Create Object Request,201,Created,Fedora group 1-1,text,true,294,66
1359076263482,61,Fedora Create Object Request,201,Created,Fedora group 1-1,text,true,313,61
1359076263837,63,Fedora Create Object Request,201,Created,Fedora group 1-1,text,true,294,63
1359076264049,59,Fedora Create Object Request,201,Created,Fedora group 1-1,text,true,294,58
1359076264335,58,Fedora Create Object Request,201,Created,Fedora group 1-1,text,true,294,58
1359076264541,65,Fedora Create Object Request,201,Created,Fedora group 1-1,text,true,294,64
1359076264760,57,Fedora Create Object Request,201,Created,Fedora group 1-1,text,true,294,57
1359076265041,63,Fedora Create Object Request,201,Created,Fedora group 1-1,text,true,294,63
1359076265326,58,Fedora Create Object Request,201,Created,Fedora group 1-1,text,true,294,58
1359076265622,60,Fedora Create Object Request,201,Created,Fedora group 1-1,text,true,294,59
1359076265830,275,Fedora Create Object Request,201,Created,Fedora group 1-1,text,true,294,275
1359076266273,66,Fedora Create Object Request,201,Created,Fedora group 1-1,text,true,294,65
1359076266553,63,Fedora Create Object Request,201,Created,Fedora group 1-1,text,true,294,63
1359076266820,57,Fedora Create Object Request,201,Created,Fedora group 1-1,text,true,294,57
1359076267036,55,Fedora Create Object Request,201,Created,Fedora group 1-1,text,true,294,55
1359076267231,72,Fedora Create Object Request,201,Created,Fedora group 1-1,text,true,294,72
1359076267464,66,Fedora Create Object Request,201,Created,Fedora group 1-1,text,true,313,66
1359076267675,59,Fedora Create Object Request,201,Created,Fedora group 1-1,text,true,294,59
1359076268035,56,Fedora Create Object Request,201,Created,Fedora group 1-1,text,true,294,56
1359076268231,55,Fedora Create Object Request,201,Created,Fedora group 1-1,text,true,294,55
1359076268464,62,Fedora Create Object Request,201,Created,Fedora group 1-1,text,true,294,62
1359076268814,56,Fedora Create Object Request,201,Created,Fedora group 1-1,text,true,294,56
1359076269016,70,Fedora Create Object Request,201,Created,Fedora group 1-1,text,true,294,70
1359076269230,66,Fedora Create Object Request,201,Created,Fedora group 1-1,text,true,294,66
1359076269441,55,Fedora Create Object Request,201,Created,Fedora group 1-1,text,true,294,55
1359076269633,60,Fedora Create Object Request,201,Created,Fedora group 1-1,text,true,294,59
1359076270029,53,Fedora Create Object Request,201,Created,Fedora group 1-1,text,true,294,53
1359076270229,59,Fedora Create Object Request,201,Created,Fedora group 1-1,text,true,294,59
1359076270538,60,Fedora Create Object Request,201,Created,Fedora group 1-1,text,true,294,60
1359076270807,1019,Fedora Create Object Request,201,Created,Fedora group 1-1,text,true,294,1019
1359076271966,63,Fedora Create Object Request,201,Created,Fedora group 1-1,text,true,294,62
1359076272253,80,Fedora Create Object Request,201,Created,Fedora group 1-1,text,true,294,80
1359076272470,58,Fedora Create Object Request,201,Created,Fedora group 1-1,text,true,294,58
1359076272682,57,Fedora Create Object Request,201,Created,Fedora group 1-1,text,true,294,57
1359076273294,59,Fedora Create Object Request,201,Created,Fedora group 1-1,text,true,294,59
1359076273611,57,Fedora Create Object Request,201,Created,Fedora group 1-1,text,true,294,57
1359076273810,59,Fedora Create Object Request,201,Created,Fedora group 1-1,text,true,294,59
1359076274064,70,Fedora Create Object Request,201,Created,Fedora group 1-1,text,true,294,70
1359076274282,62,Fedora Create Object Request,201,Created,Fedora group 1-1,text,true,294,62
1359076274489,52,Fedora Create Object Request,201,Created,Fedora group 1-1,text,true,294,52
1359076274687,62,Fedora Create Object Request,201,Created,Fedora group 1-1,text,true,294,62
1359076274886,61,Fedora Create Object Request,201,Created,Fedora group 1-1,text,true,294,61
1359076275359,60,Fedora Create Object Request,201,Created,Fedora group 1-1,text,true,294,60
1359076275561,60,Fedora Create Object Request,201,Created,Fedora group 1-1,text,true,294,60
1359076275782,57,Fedora Create Object Request,201,Created,Fedora group 1-1,text,true,294,57
1359076276392,62,Fedora Create Object Request,201,Created,Fedora group 1-1,text,true,294,62
1359076276799,57,Fedora Create Object Request,201,Created,Fedora group 1-1,text,true,294,57
1359076277105,53,Fedora Create Object Request,201,Created,Fedora group 1-1,text,true,294,53
1359076277404,60,Fedora Create Object Request,201,Created,Fedora group 1-1,text,true,294,60
1359076277682,64,Fedora Create Object Request,201,Created,Fedora group 1-1,text,true,294,64
1359076278384,62,Fedora Create Object Request,201,Created,Fedora group 1-1,text,true,294,61
1359076278818,70,Fedora Create Object Request,201,Created,Fedora group 1-1,text,true,294,70
1359076279095,70,Fedora Create Object Request,201,Created,Fedora group 1-1,text,true,294,69
1359076279463,70,Fedora Create Object Request,201,Created,Fedora group 1-1,text,true,294,69
1359076279797,65,Fedora Create Object Request,201,Created,Fedora group 1-1,text,true,294,65
1359076280113,61,Fedora Create Object Request,201,Created,Fedora group 1-1,text,true,294,61
1359076280406,69,Fedora Create Object Request,201,Created,Fedora group 1-1,text,true,294,69
1359076280727,66,Fedora Create Object Request,201,Created,Fedora group 1-1,text,true,294,66
1359076281015,471,Fedora Create Object Request,201,Created,Fedora group 1-1,text,true,294,471
1359076281730,59,Fedora Create Object Request,201,Created,Fedora group 1-1,text,true,294,59
1359076281990,59,Fedora Create Object Request,201,Created,Fedora group 1-1,text,true,294,59
1359076282248,55,Fedora Create Object Request,201,Created,Fedora group 1-1,text,true,294,55
1359076282578,58,Fedora Create Object Request,201,Created,Fedora group 1-1,text,true,294,58
1359076282913,56,Fedora Create Object Request,201,Created,Fedora group 1-1,text,true,294,56
1359076283124,99,Fedora Create Object Request,201,Created,Fedora group 1-1,text,true,294,98
1359076283369,64,Fedora Create Object Request,201,Created,Fedora group 1-1,text,true,294,64
1359076283697,58,Fedora Create Object Request,201,Created,Fedora group 1-1,text,true,294,58
1359076284225,60,Fedora Create Object Request,201,Created,Fedora group 1-1,text,true,294,60
1359076284482,55,Fedora Create Object Request,201,Created,Fedora group 1-1,text,true,294,55
1359076284822,57,Fedora Create Object Request,201,Created,Fedora group 1-1,text,true,294,57
1359076285035,62,Fedora Create Object Request,201,Created,Fedora group 1-1,text,true,294,62
1359076285433,59,Fedora Create Object Request,201,Created,Fedora group 1-1,text,true,294,59
1359076285852,56,Fedora Create Object Request,201,Created,Fedora group 1-1,text,true,313,56
1359076286100,213,Fedora Create Object Request,201,Created,Fedora group 1-1,text,true,294,212
1359076286491,78,Fedora Create Object Request,201,Created,Fedora group 1-1,text,true,294,78
1359076286841,62,Fedora Create Object Request,201,Created,Fedora group 1-1,text,true,294,62
1359076287306,68,Fedora Create Object Request,201,Created,Fedora group 1-1,text,true,294,68
1359076287630,59,Fedora Create Object Request,201,Created,Fedora group 1-1,text,true,294,59
1359076287841,60,Fedora Create Object Request,201,Created,Fedora group 1-1,text,true,294,60
1359076288139,58,Fedora Create Object Request,201,Created,Fedora group 1-1,text,true,294,58
1359076288338,55,Fedora Create Object Request,201,Created,Fedora group 1-1,text,true,294,54
1359076288608,52,Fedora Create Object Request,201,Created,Fedora group 1-1,text,true,294,52
1359076288823,59,Fedora Create Object Request,201,Created,Fedora group 1-1,text,true,294,59
1359076289089,55,Fedora Create Object Request,201,Created,Fedora group 1-1,text,true,294,55
1359076289378,66,Fedora Create Object Request,201,Created,Fedora group 1-1,text,true,294,65
1359076289600,55,Fedora Create Object Request,201,Created,Fedora group 1-1,text,true,294,54
1359076289810,58,Fedora Create Object Request,201,Created,Fedora group 1-1,text,true,294,55
1359076290015,54,Fedora Create Object Request,201,Created,Fedora group 1-1,text,true,294,54
1359076290390,58,Fedora Create Object Request,201,Created,Fedora group 1-1,text,true,294,58
1359076290592,55,Fedora Create Object Request,201,Created,Fedora group 1-1,text,true,294,55
1359076290906,52,Fedora Create Object Request,201,Created,Fedora group 1-1,text,true,294,52
1359076291095,511,Fedora Create Object Request,201,Created,Fedora group 1-1,text,true,294,511
1359076292622,59,Fedora Create Object Request,201,Created,Fedora group 1-1,text,true,294,59
1359076292880,63,Fedora Create Object Request,201,Created,Fedora group 1-1,text,true,294,63
1359076293196,63,Fedora Create Object Request,201,Created,Fedora group 1-1,text,true,294,63
1359076293523,59,Fedora Create Object Request,201,Created,Fedora group 1-1,text,true,294,59
1359076293899,69,Fedora Create Object Request,201,Created,Fedora group 1-1,text,true,294,69
1359076294133,66,Fedora Create Object Request,201,Created,Fedora group 1-1,text,true,294,66
1359076294517,57,Fedora Create Object Request,201,Created,Fedora group 1-1,text,true,294,57
1359076294725,59,Fedora Create Object Request,201,Created,Fedora group 1-1,text,true,294,59
1359076294946,57,Fedora Create Object Request,201,Created,Fedora group 1-1,text,true,294,57
1359076295270,69,Fedora Create Object Request,201,Created,Fedora group 1-1,text,true,294,69
1359076295509,59,Fedora Create Object Request,201,Created,Fedora group 1-1,text,true,294,59
1359076295719,60,Fedora Create Object Request,201,Created,Fedora group 1-1,text,true,294,60
1359076295931,55,Fedora Create Object Request,201,Created,Fedora group 1-1,text,true,294,55
1359076296622,56,Fedora Create Object Request,201,Created,Fedora group 1-1,text,true,294,56
1359076296926,145,Fedora Create Object Request,201,Created,Fedora group 1-1,text,true,294,144
1359076297293,71,Fedora Create Object Request,201,Created,Fedora group 1-1,text,true,294,71
1359076297565,59,Fedora Create Object Request,201,Created,Fedora group 1-1,text,true,294,59
1359076297806,66,Fedora Create Object Request,201,Created,Fedora group 1-1,text,true,294,66
1359076298173,65,Fedora Create Object Request,201,Created,Fedora group 1-1,text,true,294,65
1359076298402,60,Fedora Create Object Request,201,Created,Fedora group 1-1,text,true,294,59
1359076298723,71,Fedora Create Object Request,201,Created,Fedora group 1-1,text,true,294,71
1359076298950,68,Fedora Create Object Request,201,Created,Fedora group 1-1,text,true,294,68
1359076299187,78,Fedora Create Object Request,201,Created,Fedora group 1-1,text,true,294,77
1359076299415,59,Fedora Create Object Request,201,Created,Fedora group 1-1,text,true,294,59
1359076299624,67,Fedora Create Object Request,201,Created,Fedora group 1-1,text,true,294,67
1359076299842,62,Fedora Create Object Request,201,Created,Fedora group 1-1,text,true,294,62
1359076300135,60,Fedora Create Object Request,201,Created,Fedora group 1-1,text,true,294,60
1359076300522,71,Fedora Create Object Request,201,Created,Fedora group 1-1,text,true,294,71
1359076300814,68,Fedora Create Object Request,201,Created,Fedora group 1-1,text,true,294,68
1359076301101,62,Fedora Create Object Request,201,Created,Fedora group 1-1,text,true,294,62
1359076301618,59,Fedora Create Object Request,201,Created,Fedora group 1-1,text,true,294,59
1359076301865,63,Fedora Create Object Request,201,Created,Fedora group 1-1,text,true,294,63
1359076302223,56,Fedora Create Object Request,201,Created,Fedora group 1-1,text,true,294,56
1359076302535,68,Fedora Create Object Request,201,Created,Fedora group 1-1,text,true,294,68
1359076302825,59,Fedora Create Object Request,201,Created,Fedora group 1-1,text,true,294,59
1359076303192,66,Fedora Create Object Request,201,Created,Fedora group 1-1,text,true,294,66
1359076309531,51,Fedora Create Object Request,201,Created,Fedora group 1-1,text,true,294,51
1359076310062,53,Fedora Create Object Request,201,Created,Fedora group 1-1,text,true,294,53
1359076310279,55,Fedora Create Object Request,201,Created,Fedora group 1-1,text,true,294,55
1359076310900,55,Fedora Create Object Request,201,Created,Fedora group 1-1,text,true,294,55
1359076311161,56,Fedora Create Object Request,201,Created,Fedora group 1-1,text,true,294,56
1359076311675,54,Fedora Create Object Request,201,Created,Fedora group 1-1,text,true,294,53
1359076312296,59,Fedora Create Object Request,201,Created,Fedora group 1-1,text,true,294,59
1359076312590,66,Fedora Create Object Request,201,Created,Fedora group 1-1,text,true,294,66
1359076312881,57,Fedora Create Object Request,201,Created,Fedora group 1-1,text,true,294,56
1359076313082,57,Fedora Create Object Request,201,Created,Fedora group 1-1,text,true,294,57
1359076313305,58,Fedora Create Object Request,201,Created,Fedora group 1-1,text,true,294,58
1359076313502,51,Fedora Create Object Request,201,Created,Fedora group 1-1,text,true,294,51
1359076314160,58,Fedora Create Object Request,201,Created,Fedora group 1-1,text,true,294,58
1359076314904,56,Fedora Create Object Request,201,Created,Fedora group 1-1,text,true,294,56
1359076315091,50,Fedora Create Object Request,201,Created,Fedora group 1-1,text,true,294,50
1359076316049,89,Fedora Create Object Request,201,Created,Fedora group 1-1,text,true,294,88
1359076316352,102,Fedora Create Object Request,201,Created,Fedora group 1-1,text,true,313,102
1359076316614,63,Fedora Create Object Request,201,Created,Fedora group 1-1,text,true,294,63
1359076316904,58,Fedora Create Object Request,201,Created,Fedora group 1-1,text,true,294,58
1359076317147,58,Fedora Create Object Request,201,Created,Fedora group 1-1,text,true,294,58
1359076317348,56,Fedora Create Object Request,201,Created,Fedora group 1-1,text,true,294,56
1359076317752,54,Fedora Create Object Request,201,Created,Fedora group 1-1,text,true,294,54
1359076317961,52,Fedora Create Object Request,201,Created,Fedora group 1-1,text,true,294,52
1359076318377,54,Fedora Create Object Request,201,Created,Fedora group 1-1,text,true,294,54
1359076318571,56,Fedora Create Object Request,201,Created,Fedora group 1-1,text,true,294,56
1359076318841,52,Fedora Create Object Request,201,Created,Fedora group 1-1,text,true,294,52
1359076319031,55,Fedora Create Object Request,201,Created,Fedora group 1-1,text,true,294,55
1359076319294,60,Fedora Create Object Request,201,Created,Fedora group 1-1,text,true,294,60
1359076319593,147,Fedora Create Object Request,201,Created,Fedora group 1-1,text,true,294,147
1359076319986,51,Fedora Create Object Request,201,Created,Fedora group 1-1,text,true,294,51
1359076320272,62,Fedora Create Object Request,201,Created,Fedora group 1-1,text,true,294,62
1359076320628,63,Fedora Create Object Request,201,Created,Fedora group 1-1,text,true,294,63
1359076320854,75,Fedora Create Object Request,201,Created,Fedora group 1-1,text,true,294,75
1359076321099,59,Fedora Create Object Request,201,Created,Fedora group 1-1,text,true,294,59
1359076321304,51,Fedora Create Object Request,201,Created,Fedora group 1-1,text,true,294,51
1359076321508,63,Fedora Create Object Request,201,Created,Fedora group 1-1,text,true,294,63
1359076321819,58,Fedora Create Object Request,201,Created,Fedora group 1-1,text,true,294,58
1359076322147,59,Fedora Create Object Request,201,Created,Fedora group 1-1,text,true,294,58
1359076322440,60,Fedora Create Object Request,201,Created,Fedora group 1-1,text,true,294,60
1359076322898,59,Fedora Create Object Request,201,Created,Fedora group 1-1,text,true,294,59
1359076323110,60,Fedora Create Object Request,201,Created,Fedora group 1-1,text,true,294,60
1359076323429,63,Fedora Create Object Request,201,Created,Fedora group 1-1,text,true,294,63
1359076323679,56,Fedora Create Object Request,201,Created,Fedora group 1-1,text,true,294,55
1359076324071,75,Fedora Create Object Request,201,Created,Fedora group 1-1,text,true,294,75
1359076324370,53,Fedora Create Object Request,201,Created,Fedora group 1-1,text,true,294,53
1359076324577,61,Fedora Create Object Request,201,Created,Fedora group 1-1,text,true,294,61
1359076324859,58,Fedora Create Object Request,201,Created,Fedora group 1-1,text,true,294,58
1359076325052,54,Fedora Create Object Request,201,Created,Fedora group 1-1,text,true,294,54
1359076325319,57,Fedora Create Object Request,201,Created,Fedora group 1-1,text,true,294,57
1359076325536,61,Fedora Create Object Request,201,Created,Fedora group 1-1,text,true,294,61
1359076325733,50,Fedora Create Object Request,201,Created,Fedora group 1-1,text,true,294,50
1359076326035,62,Fedora Create Object Request,201,Created,Fedora group 1-1,text,true,294,62
1359076326247,68,Fedora Create Object Request,201,Created,Fedora group 1-1,text,true,294,68
1359076326531,57,Fedora Create Object Request,201,Created,Fedora group 1-1,text,true,294,57
1359076326806,57,Fedora Create Object Request,201,Created,Fedora group 1-1,text,true,294,57
1359076327038,54,Fedora Create Object Request,201,Created,Fedora group 1-1,text,true,294,54
1359076327223,64,Fedora Create Object Request,201,Created,Fedora group 1-1,text,true,294,64
1359076327496,62,Fedora Create Object Request,201,Created,Fedora group 1-1,text,true,294,62
1359076327731,52,Fedora Create Object Request,201,Created,Fedora group 1-1,text,true,294,52
1359076327924,54,Fedora Create Object Request,201,Created,Fedora group 1-1,text,true,313,54
1359076328209,69,Fedora Create Object Request,201,Created,Fedora group 1-1,text,true,294,69
1359076328566,73,Fedora Create Object Request,201,Created,Fedora group 1-1,text,true,294,73
1359076329021,59,Fedora Create Object Request,201,Created,Fedora group 1-1,text,true,294,59
1359076329313,54,Fedora Create Object Request,201,Created,Fedora group 1-1,text,true,294,54
1359076329650,56,Fedora Create Object Request,201,Created,Fedora group 1-1,text,true,294,56
1359076329923,57,Fedora Create Object Request,201,Created,Fedora group 1-1,text,true,294,57
1359076330118,53,Fedora Create Object Request,201,Created,Fedora group 1-1,text,true,294,53
1359076330435,61,Fedora Create Object Request,201,Created,Fedora group 1-1,text,true,294,61
1359076330711,57,Fedora Create Object Request,201,Created,Fedora group 1-1,text,true,294,57
1359076330924,58,Fedora Create Object Request,201,Created,Fedora group 1-1,text,true,294,57
1359076331130,59,Fedora Create Object Request,201,Created,Fedora group 1-1,text,true,294,58
1359076331336,59,Fedora Create Object Request,201,Created,Fedora group 1-1,text,true,294,59
1359076331605,63,Fedora Create Object Request,201,Created,Fedora group 1-1,text,true,294,63
1359076331961,55,Fedora Create Object Request,201,Created,Fedora group 1-1,text,true,294,55
1359076332236,62,Fedora Create Object Request,201,Created,Fedora group 1-1,text,true,294,62
1359076332435,63,Fedora Create Object Request,201,Created,Fedora group 1-1,text,true,294,63
1359076332650,58,Fedora Create Object Request,201,Created,Fedora group 1-1,text,true,294,57
1359076332860,57,Fedora Create Object Request,201,Created,Fedora group 1-1,text,true,294,57
1359076333060,58,Fedora Create Object Request,201,Created,Fedora group 1-1,text,true,294,57
1359076333356,58,Fedora Create Object Request,201,Created,Fedora group 1-1,text,true,294,58
1359076333713,53,Fedora Create Object Request,201,Created,Fedora group 1-1,text,true,294,53
1359076333915,53,Fedora Create Object Request,201,Created,Fedora group 1-1,text,true,294,53
1359076334252,63,Fedora Create Object Request,201,Created,Fedora group 1-1,text,true,294,62
1359076334478,71,Fedora Create Object Request,201,Created,Fedora group 1-1,text,true,294,71
1359076337904,69,Fedora Create Object Request,201,Created,Fedora group 1-1,text,true,294,69
1359076338225,64,Fedora Create Object Request,201,Created,Fedora group 1-1,text,true,294,64
1359076338567,60,Fedora Create Object Request,201,Created,Fedora group 1-1,text,true,294,60
1359076338826,55,Fedora Create Object Request,201,Created,Fedora group 1-1,text,true,313,55
1359076339116,62,Fedora Create Object Request,201,Created,Fedora group 1-1,text,true,294,62
1359076339346,60,Fedora Create Object Request,201,Created,Fedora group 1-1,text,true,294,60
1359076339612,55,Fedora Create Object Request,201,Created,Fedora group 1-1,text,true,294,55
1359076340016,70,Fedora Create Object Request,201,Created,Fedora group 1-1,text,true,294,70
1359076340388,59,Fedora Create Object Request,201,Created,Fedora group 1-1,text,true,294,59
1359076340640,75,Fedora Create Object Request,201,Created,Fedora group 1-1,text,true,294,75
1359076341117,53,Fedora Create Object Request,201,Created,Fedora group 1-1,text,true,294,53
1359076341417,53,Fedora Create Object Request,201,Created,Fedora group 1-1,text,true,294,53
1359076343716,1217,Fedora Create Object Request,201,Created,Fedora group 1-1,text,true,294,1217
1359076346178,58,Fedora Create Object Request,201,Created,Fedora group 1-1,text,true,294,58
1359076346523,58,Fedora Create Object Request,201,Created,Fedora group 1-1,text,true,294,58
1359076346818,78,Fedora Create Object Request,201,Created,Fedora group 1-1,text,true,294,78
1359076347153,55,Fedora Create Object Request,201,Created,Fedora group 1-1,text,true,294,55
1359076347636,57,Fedora Create Object Request,201,Created,Fedora group 1-1,text,true,294,57
1359076347852,58,Fedora Create Object Request,201,Created,Fedora group 1-1,text,true,294,58
1359076348324,56,Fedora Create Object Request,201,Created,Fedora group 1-1,text,true,294,56
1359076348621,60,Fedora Create Object Request,201,Created,Fedora group 1-1,text,true,294,60
1359076348968,55,Fedora Create Object Request,201,Created,Fedora group 1-1,text,true,294,55
1359076349387,62,Fedora Create Object Request,201,Created,Fedora group 1-1,text,true,294,62
1359076349655,57,Fedora Create Object Request,201,Created,Fedora group 1-1,text,true,294,57
1359076349863,56,Fedora Create Object Request,201,Created,Fedora group 1-1,text,true,294,55
1359076350124,180,Fedora Create Object Request,201,Created,Fedora group 1-1,text,true,294,180
1359076350471,55,Fedora Create Object Request,201,Created,Fedora group 1-1,text,true,294,55
1359076350909,71,Fedora Create Object Request,201,Created,Fedora group 1-1,text,true,294,71
1359076351170,68,Fedora Create Object Request,201,Created,Fedora group 1-1,text,true,294,68
1359076351542,54,Fedora Create Object Request,201,Created,Fedora group 1-1,text,true,294,54
1359076351837,63,Fedora Create Object Request,201,Created,Fedora group 1-1,text,true,294,63
1359076352154,56,Fedora Create Object Request,201,Created,Fedora group 1-1,text,true,294,56
1359076352390,65,Fedora Create Object Request,201,Created,Fedora group 1-1,text,true,294,65
1359076352796,81,Fedora Create Object Request,201,Created,Fedora group 1-1,text,true,294,81
1359076353018,64,Fedora Create Object Request,201,Created,Fedora group 1-1,text,true,294,64
1359076353222,57,Fedora Create Object Request,201,Created,Fedora group 1-1,text,true,294,57
1359076353625,58,Fedora Create Object Request,201,Created,Fedora group 1-1,text,true,294,57
1359076353841,61,Fedora Create Object Request,201,Created,Fedora group 1-1,text,true,294,61
1359076354181,54,Fedora Create Object Request,201,Created,Fedora group 1-1,text,true,294,54
1359076354572,60,Fedora Create Object Request,201,Created,Fedora group 1-1,text,true,294,60
1359076354951,61,Fedora Create Object Request,201,Created,Fedora group 1-1,text,true,294,61
1359076355185,54,Fedora Create Object Request,201,Created,Fedora group 1-1,text,true,294,54
1359076355397,62,Fedora Create Object Request,201,Created,Fedora group 1-1,text,true,294,62
1359076355618,70,Fedora Create Object Request,201,Created,Fedora group 1-1,text,true,294,70
1359076355918,174,Fedora Create Object Request,201,Created,Fedora group 1-1,text,true,294,174
1359076356292,68,Fedora Create Object Request,201,Created,Fedora group 1-1,text,true,313,68
1359076356622,58,Fedora Create Object Request,201,Created,Fedora group 1-1,text,true,294,58
1359076357052,57,Fedora Create Object Request,201,Created,Fedora group 1-1,text,true,294,57
1359076357291,58,Fedora Create Object Request,201,Created,Fedora group 1-1,text,true,294,58
1359076357562,60,Fedora Create Object Request,201,Created,Fedora group 1-1,text,true,294,59
1359076357925,61,Fedora Create Object Request,201,Created,Fedora group 1-1,text,true,294,61
1359076358295,71,Fedora Create Object Request,201,Created,Fedora group 1-1,text,true,294,71
1359076358785,65,Fedora Create Object Request,201,Created,Fedora group 1-1,text,true,294,65
1359076359090,59,Fedora Create Object Request,201,Created,Fedora group 1-1,text,true,294,59
1359076359461,56,Fedora Create Object Request,201,Created,Fedora group 1-1,text,true,294,56
1359076359750,61,Fedora Create Object Request,201,Created,Fedora group 1-1,text,true,294,61
1359076360123,64,Fedora Create Object Request,201,Created,Fedora group 1-1,text,true,294,64
1359076360369,82,Fedora Create Object Request,201,Created,Fedora group 1-1,text,true,294,82
1359076360671,54,Fedora Create Object Request,201,Created,Fedora group 1-1,text,true,294,54
1359076360880,59,Fedora Create Object Request,201,Created,Fedora group 1-1,text,true,294,58
1359076361267,62,Fedora Create Object Request,201,Created,Fedora group 1-1,text,true,294,62
1359076361577,62,Fedora Create Object Request,201,Created,Fedora group 1-1,text,true,294,62
1359076361817,58,Fedora Create Object Request,201,Created,Fedora group 1-1,text,true,294,58
1359076362022,55,Fedora Create Object Request,201,Created,Fedora group 1-1,text,true,294,55
1359076362333,55,Fedora Create Object Request,201,Created,Fedora group 1-1,text,true,294,55
1359076362630,70,Fedora Create Object Request,201,Created,Fedora group 1-1,text,true,294,70
1359076362873,64,Fedora Create Object Request,201,Created,Fedora group 1-1,text,true,294,64
1359076363102,61,Fedora Create Object Request,201,Created,Fedora group 1-1,text,true,294,61
1359076363314,63,Fedora Create Object Request,201,Created,Fedora group 1-1,text,true,294,63
1359076363528,62,Fedora Create Object Request,201,Created,Fedora group 1-1,text,true,294,62
1359076363735,59,Fedora Create Object Request,201,Created,Fedora group 1-1,text,true,294,58
1359076363975,67,Fedora Create Object Request,201,Created,Fedora group 1-1,text,true,294,67
1359076364195,69,Fedora Create Object Request,201,Created,Fedora group 1-1,text,true,294,69
1359076364506,70,Fedora Create Object Request,201,Created,Fedora group 1-1,text,true,294,70
1359076364827,59,Fedora Create Object Request,201,Created,Fedora group 1-1,text,true,294,59
1359076365203,61,Fedora Create Object Request,201,Created,Fedora group 1-1,text,true,294,61
1359076365424,55,Fedora Create Object Request,201,Created,Fedora group 1-1,text,true,294,55
1359076365775,63,Fedora Create Object Request,201,Created,Fedora group 1-1,text,true,294,63
1359076366068,64,Fedora Create Object Request,201,Created,Fedora group 1-1,text,true,294,64
1359076366362,65,Fedora Create Object Request,201,Created,Fedora group 1-1,text,true,294,65
1359076366581,62,Fedora Create Object Request,201,Created,Fedora group 1-1,text,true,294,62
1359076366890,55,Fedora Create Object Request,201,Created,Fedora group 1-1,text,true,294,55
1359076367209,58,Fedora Create Object Request,201,Created,Fedora group 1-1,text,true,294,58
1359076367435,72,Fedora Create Object Request,201,Created,Fedora group 1-1,text,true,294,72
1359076367857,83,Fedora Create Object Request,201,Created,Fedora group 1-1,text,true,294,83
1359076368270,106,Fedora Create Object Request,201,Created,Fedora group 1-1,text,true,294,106
1359076368551,105,Fedora Create Object Request,201,Created,Fedora group 1-1,text,true,294,104
1359076368901,64,Fedora Create Object Request,201,Created,Fedora group 1-1,text,true,294,64
1359076369264,81,Fedora Create Object Request,201,Created,Fedora group 1-1,text,true,294,81
1359076369564,63,Fedora Create Object Request,201,Created,Fedora group 1-1,text,true,294,63
1359076369777,61,Fedora Create Object Request,201,Created,Fedora group 1-1,text,true,294,61
1359076370087,53,Fedora Create Object Request,201,Created,Fedora group 1-1,text,true,294,53
1359076370378,57,Fedora Create Object Request,201,Created,Fedora group 1-1,text,true,294,57
1359076370739,59,Fedora Create Object Request,201,Created,Fedora group 1-1,text,true,294,59
1359076371078,64,Fedora Create Object Request,201,Created,Fedora group 1-1,text,true,294,64
1359076371299,67,Fedora Create Object Request,201,Created,Fedora group 1-1,text,true,294,67
1359076371503,58,Fedora Create Object Request,201,Created,Fedora group 1-1,text,true,294,58
1359076372077,57,Fedora Create Object Request,201,Created,Fedora group 1-1,text,true,294,57
1359076372312,57,Fedora Create Object Request,201,Created,Fedora group 1-1,text,true,294,57
1359076372534,53,Fedora Create Object Request,201,Created,Fedora group 1-1,text,true,294,53
1359076372830,52,Fedora Create Object Request,201,Created,Fedora group 1-1,text,true,294,52
1359076373761,62,Fedora Create Object Request,201,Created,Fedora group 1-1,text,true,294,61
1359076373968,64,Fedora Create Object Request,201,Created,Fedora group 1-1,text,true,294,64
1359076374425,57,Fedora Create Object Request,201,Created,Fedora group 1-1,text,true,294,56
1359076374660,58,Fedora Create Object Request,201,Created,Fedora group 1-1,text,true,294,58
1359076374976,64,Fedora Create Object Request,201,Created,Fedora group 1-1,text,true,294,64
1359076375296,59,Fedora Create Object Request,201,Created,Fedora group 1-1,text,true,294,59
1359076375494,52,Fedora Create Object Request,201,Created,Fedora group 1-1,text,true,294,52
1359076375688,63,Fedora Create Object Request,201,Created,Fedora group 1-1,text,true,294,63
1359076375992,53,Fedora Create Object Request,201,Created,Fedora group 1-1,text,true,294,53
1359076376189,52,Fedora Create Object Request,201,Created,Fedora group 1-1,text,true,294,52
1359076376451,56,Fedora Create Object Request,201,Created,Fedora group 1-1,text,true,294,55
1359076376732,62,Fedora Create Object Request,201,Created,Fedora group 1-1,text,true,294,62
1359076376949,55,Fedora Create Object Request,201,Created,Fedora group 1-1,text,true,294,55
1359076377246,55,Fedora Create Object Request,201,Created,Fedora group 1-1,text,true,294,55
1359076377465,60,Fedora Create Object Request,201,Created,Fedora group 1-1,text,true,313,60
1359076377862,53,Fedora Create Object Request,201,Created,Fedora group 1-1,text,true,294,53
1359076378210,58,Fedora Create Object Request,201,Created,Fedora group 1-1,text,true,294,58
1359076378484,76,Fedora Create Object Request,201,Created,Fedora group 1-1,text,true,294,76
1359076378735,55,Fedora Create Object Request,201,Created,Fedora group 1-1,text,true,294,55
1359076378966,63,Fedora Create Object Request,201,Created,Fedora group 1-1,text,true,294,63
1359076379238,58,Fedora Create Object Request,201,Created,Fedora group 1-1,text,true,294,57
1359076379611,59,Fedora Create Object Request,201,Created,Fedora group 1-1,text,true,294,59
1359076380407,55,Fedora Create Object Request,201,Created,Fedora group 1-1,text,true,294,55
1359076380987,61,Fedora Create Object Request,201,Created,Fedora group 1-1,text,true,294,61
1359076381268,67,Fedora Create Object Request,201,Created,Fedora group 1-1,text,true,294,67
1359076381614,61,Fedora Create Object Request,201,Created,Fedora group 1-1,text,true,294,61
1359076381924,55,Fedora Create Object Request,201,Created,Fedora group 1-1,text,true,294,55
1359076382140,56,Fedora Create Object Request,201,Created,Fedora group 1-1,text,true,294,56
1359076382820,56,Fedora Create Object Request,201,Created,Fedora group 1-1,text,true,294,56
1359076383328,340,Fedora Create Object Request,201,Created,Fedora group 1-1,text,true,294,340
1359076383871,84,Fedora Create Object Request,201,Created,Fedora group 1-1,text,true,294,84
1359076384170,56,Fedora Create Object Request,201,Created,Fedora group 1-1,text,true,294,56
1359076384477,55,Fedora Create Object Request,201,Created,Fedora group 1-1,text,true,294,55
1359076384702,54,Fedora Create Object Request,201,Created,Fedora group 1-1,text,true,294,54
1359076384965,51,Fedora Create Object Request,201,Created,Fedora group 1-1,text,true,294,51
1359076385182,52,Fedora Create Object Request,201,Created,Fedora group 1-1,text,true,294,52
1359076385404,59,Fedora Create Object Request,201,Created,Fedora group 1-1,text,true,294,59
1359076385796,60,Fedora Create Object Request,201,Created,Fedora group 1-1,text,true,294,60
1359076386069,57,Fedora Create Object Request,201,Created,Fedora group 1-1,text,true,294,57
1359076386359,73,Fedora Create Object Request,201,Created,Fedora group 1-1,text,true,294,73
1359076386780,70,Fedora Create Object Request,201,Created,Fedora group 1-1,text,true,294,70
1359076387004,59,Fedora Create Object Request,201,Created,Fedora group 1-1,text,true,294,59
1359076387139,56,Fedora Create Object Request,201,Created,Fedora group 1-1,text,true,294,56
1359076387340,56,Fedora Create Object Request,201,Created,Fedora group 1-1,text,true,294,56
1359076387563,58,Fedora Create Object Request,201,Created,Fedora group 1-1,text,true,313,58
1359076388013,73,Fedora Create Object Request,201,Created,Fedora group 1-1,text,true,294,73
1359076388514,67,Fedora Create Object Request,201,Created,Fedora group 1-1,text,true,294,67
1359076388880,54,Fedora Create Object Request,201,Created,Fedora group 1-1,text,true,294,54
1359076389220,56,Fedora Create Object Request,201,Created,Fedora group 1-1,text,true,294,56
1359076389461,61,Fedora Create Object Request,201,Created,Fedora group 1-1,text,true,294,61
1359076389715,65,Fedora Create Object Request,201,Created,Fedora group 1-1,text,true,294,65
1359076390091,59,Fedora Create Object Request,201,Created,Fedora group 1-1,text,true,294,59
1359076390392,56,Fedora Create Object Request,201,Created,Fedora group 1-1,text,true,294,56
1359076390628,67,Fedora Create Object Request,201,Created,Fedora group 1-1,text,true,294,67
1359076390943,167,Fedora Create Object Request,201,Created,Fedora group 1-1,text,true,294,167
1359076391335,61,Fedora Create Object Request,201,Created,Fedora group 1-1,text,true,294,61
1359076391583,58,Fedora Create Object Request,201,Created,Fedora group 1-1,text,true,294,58
1359076391918,55,Fedora Create Object Request,201,Created,Fedora group 1-1,text,true,294,55
1359076392118,54,Fedora Create Object Request,201,Created,Fedora group 1-1,text,true,294,53
1359076392312,60,Fedora Create Object Request,201,Created,Fedora group 1-1,text,true,294,60
1359076392710,56,Fedora Create Object Request,201,Created,Fedora group 1-1,text,true,294,56
1359076392993,63,Fedora Create Object Request,201,Created,Fedora group 1-1,text,true,294,63
1359076393470,59,Fedora Create Object Request,201,Created,Fedora group 1-1,text,true,294,59
1359076393726,51,Fedora Create Object Request,201,Created,Fedora group 1-1,text,true,294,50
1359076393928,57,Fedora Create Object Request,201,Created,Fedora group 1-1,text,true,294,57
1359076394216,51,Fedora Create Object Request,201,Created,Fedora group 1-1,text,true,294,51
1359076394502,62,Fedora Create Object Request,201,Created,Fedora group 1-1,text,true,294,62
1359076395067,63,Fedora Create Object Request,201,Created,Fedora group 1-1,text,true,294,63
1359076395318,63,Fedora Create Object Request,201,Created,Fedora group 1-1,text,true,294,63
1359076395536,66,Fedora Create Object Request,201,Created,Fedora group 1-1,text,true,294,66
1359076395744,58,Fedora Create Object Request,201,Created,Fedora group 1-1,text,true,294,58
1359076396057,59,Fedora Create Object Request,201,Created,Fedora group 1-1,text,true,294,59
1359076396384,58,Fedora Create Object Request,201,Created,Fedora group 1-1,text,true,294,58
1359076396583,59,Fedora Create Object Request,201,Created,Fedora group 1-1,text,true,294,59
