1359051819715,62,Databank Delete Object Request,404,Not Found,Databank group 1-1,text,false,331,62
1359051820885,67,Databank Delete Object Request,404,Not Found,Databank group 1-1,text,false,331,67
1359051821636,60,Databank Delete Object Request,404,Not Found,Databank group 1-1,text,false,331,60
1359051822343,63,Databank Delete Object Request,404,Not Found,Databank group 1-1,text,false,331,63
1359051823041,59,Databank Delete Object Request,404,Not Found,Databank group 1-1,text,false,331,59
1359051824416,54,Databank Delete Object Request,404,Not Found,Databank group 1-1,text,false,331,54
1359051825025,55,Databank Delete Object Request,404,Not Found,Databank group 1-1,text,false,331,55
1359051825424,62,Databank Delete Object Request,404,Not Found,Databank group 1-1,text,false,331,62
1359051825993,55,Databank Delete Object Request,404,Not Found,Databank group 1-1,text,false,331,55
1359051826375,55,Databank Delete Object Request,404,Not Found,Databank group 1-1,text,false,331,55
1359051826792,66,Databank Delete Object Request,404,Not Found,Databank group 1-1,text,false,330,66
1359051827185,59,Databank Delete Object Request,404,Not Found,Databank group 1-1,text,false,331,59
1359051893360,73,Databank Delete Object Request,404,Not Found,Databank group 1-1,text,false,331,73
1359051894590,53,Databank Delete Object Request,404,Not Found,Databank group 1-1,text,false,331,53
1359051895253,55,Databank Delete Object Request,404,Not Found,Databank group 1-1,text,false,331,55
1359051895835,80,Databank Delete Object Request,404,Not Found,Databank group 1-1,text,false,331,80
1359051896402,70,Databank Delete Object Request,404,Not Found,Databank group 1-1,text,false,331,70
1359051897053,59,Databank Delete Object Request,404,Not Found,Databank group 1-1,text,false,331,59
1359051897669,53,Databank Delete Object Request,404,Not Found,Databank group 1-1,text,false,331,53
1359051898053,59,Databank Delete Object Request,404,Not Found,Databank group 1-1,text,false,331,59
1359051898597,54,Databank Delete Object Request,404,Not Found,Databank group 1-1,text,false,331,54
1359051898988,65,Databank Delete Object Request,404,Not Found,Databank group 1-1,text,false,331,65
1359051899505,65,Databank Delete Object Request,404,Not Found,Databank group 1-1,text,false,330,65
1359051899935,59,Databank Delete Object Request,404,Not Found,Databank group 1-1,text,false,331,58
1359051900338,57,Databank Delete Object Request,404,Not Found,Databank group 1-1,text,false,331,57
1359051901089,66,Databank Delete Object Request,404,Not Found,Databank group 1-1,text,false,331,66
1359051901465,65,Databank Delete Object Request,404,Not Found,Databank group 1-1,text,false,331,65
1359051901871,64,Databank Delete Object Request,404,Not Found,Databank group 1-1,text,false,331,64
1359051902734,54,Databank Delete Object Request,404,Not Found,Databank group 1-1,text,false,331,54
1359051903327,60,Databank Delete Object Request,404,Not Found,Databank group 1-1,text,false,331,60
1359051903723,69,Databank Delete Object Request,404,Not Found,Databank group 1-1,text,false,331,69
1359051905091,71,Databank Delete Object Request,404,Not Found,Databank group 1-1,text,false,331,71
1359051905506,66,Databank Delete Object Request,404,Not Found,Databank group 1-1,text,false,330,65
1359051906093,60,Databank Delete Object Request,404,Not Found,Databank group 1-1,text,false,331,60
1359051906482,54,Databank Delete Object Request,404,Not Found,Databank group 1-1,text,false,331,54
1359051906944,56,Databank Delete Object Request,404,Not Found,Databank group 1-1,text,false,331,56
1359051907681,57,Databank Delete Object Request,404,Not Found,Databank group 1-1,text,false,331,57
1359051908116,62,Databank Delete Object Request,404,Not Found,Databank group 1-1,text,false,331,62
1359051908887,63,Databank Delete Object Request,404,Not Found,Databank group 1-1,text,false,331,63
1359051909381,56,Databank Delete Object Request,404,Not Found,Databank group 1-1,text,false,331,56
1359051909753,55,Databank Delete Object Request,404,Not Found,Databank group 1-1,text,false,331,55
1359051910115,61,Databank Delete Object Request,404,Not Found,Databank group 1-1,text,false,331,61
1359051910661,64,Databank Delete Object Request,404,Not Found,Databank group 1-1,text,false,330,64
1359051911725,59,Databank Delete Object Request,404,Not Found,Databank group 1-1,text,false,331,59
1359051912472,63,Databank Delete Object Request,404,Not Found,Databank group 1-1,text,false,331,63
1359051912972,52,Databank Delete Object Request,404,Not Found,Databank group 1-1,text,false,331,52
1359051913699,64,Databank Delete Object Request,404,Not Found,Databank group 1-1,text,false,331,64
1359051914161,66,Databank Delete Object Request,404,Not Found,Databank group 1-1,text,false,331,66
1359051914540,64,Databank Delete Object Request,404,Not Found,Databank group 1-1,text,false,331,64
1359051915110,65,Databank Delete Object Request,404,Not Found,Databank group 1-1,text,false,331,65
1359051915953,59,Databank Delete Object Request,404,Not Found,Databank group 1-1,text,false,331,59
1359051916862,63,Databank Delete Object Request,404,Not Found,Databank group 1-1,text,false,330,63
1359051917259,63,Databank Delete Object Request,404,Not Found,Databank group 1-1,text,false,332,63
1359051917754,63,Databank Delete Object Request,404,Not Found,Databank group 1-1,text,false,331,63
1359051918150,60,Databank Delete Object Request,404,Not Found,Databank group 1-1,text,false,331,60
1359051918709,62,Databank Delete Object Request,404,Not Found,Databank group 1-1,text,false,331,62
1359051919466,63,Databank Delete Object Request,404,Not Found,Databank group 1-1,text,false,331,63
1359051919907,64,Databank Delete Object Request,404,Not Found,Databank group 1-1,text,false,331,64
1359051920725,62,Databank Delete Object Request,404,Not Found,Databank group 1-1,text,false,331,62
1359051921092,61,Databank Delete Object Request,404,Not Found,Databank group 1-1,text,false,331,61
1359051921524,60,Databank Delete Object Request,404,Not Found,Databank group 1-1,text,false,331,60
1359051921889,55,Databank Delete Object Request,404,Not Found,Databank group 1-1,text,false,331,55
1359051922433,56,Databank Delete Object Request,404,Not Found,Databank group 1-1,text,false,330,56
1359051923443,59,Databank Delete Object Request,404,Not Found,Databank group 1-1,text,false,331,59
1359051924778,65,Databank Delete Object Request,404,Not Found,Databank group 1-1,text,false,331,65
1359051925159,58,Databank Delete Object Request,404,Not Found,Databank group 1-1,text,false,331,58
1359051942711,82,Databank Delete Object Request,404,Not Found,Databank group 1-1,text,false,331,82
1359051943757,59,Databank Delete Object Request,404,Not Found,Databank group 1-1,text,false,331,59
1359051944405,59,Databank Delete Object Request,404,Not Found,Databank group 1-1,text,false,331,59
1359051945101,59,Databank Delete Object Request,404,Not Found,Databank group 1-1,text,false,331,59
1359051945887,54,Databank Delete Object Request,404,Not Found,Databank group 1-1,text,false,331,54
1359051946612,52,Databank Delete Object Request,404,Not Found,Databank group 1-1,text,false,331,52
1359051947239,54,Databank Delete Object Request,404,Not Found,Databank group 1-1,text,false,331,54
1359051947638,52,Databank Delete Object Request,404,Not Found,Databank group 1-1,text,false,331,52
1359051948195,56,Databank Delete Object Request,404,Not Found,Databank group 1-1,text,false,331,56
1359051948671,62,Databank Delete Object Request,404,Not Found,Databank group 1-1,text,false,331,62
1359051949066,55,Databank Delete Object Request,404,Not Found,Databank group 1-1,text,false,330,55
1359051949448,64,Databank Delete Object Request,404,Not Found,Databank group 1-1,text,false,331,64
1359051949848,56,Databank Delete Object Request,404,Not Found,Databank group 1-1,text,false,331,56
1359051950597,54,Databank Delete Object Request,404,Not Found,Databank group 1-1,text,false,331,54
1359051950968,76,Databank Delete Object Request,404,Not Found,Databank group 1-1,text,false,331,76
1359051951400,55,Databank Delete Object Request,404,Not Found,Databank group 1-1,text,false,331,55
1359051952412,60,Databank Delete Object Request,404,Not Found,Databank group 1-1,text,false,331,60
1359051952993,68,Databank Delete Object Request,404,Not Found,Databank group 1-1,text,false,331,68
1359051953371,61,Databank Delete Object Request,404,Not Found,Databank group 1-1,text,false,331,61
1359051955006,54,Databank Delete Object Request,404,Not Found,Databank group 1-1,text,false,331,54
1359051955391,56,Databank Delete Object Request,404,Not Found,Databank group 1-1,text,false,330,56
1359051956031,67,Databank Delete Object Request,404,Not Found,Databank group 1-1,text,false,331,67
1359051956416,62,Databank Delete Object Request,404,Not Found,Databank group 1-1,text,false,331,61
1359051956896,56,Databank Delete Object Request,404,Not Found,Databank group 1-1,text,false,331,56
1359051957655,62,Databank Delete Object Request,404,Not Found,Databank group 1-1,text,false,331,62
1359051958098,66,Databank Delete Object Request,404,Not Found,Databank group 1-1,text,false,331,66
1359051958955,59,Databank Delete Object Request,404,Not Found,Databank group 1-1,text,false,331,59
1359051959409,68,Databank Delete Object Request,404,Not Found,Databank group 1-1,text,false,331,68
1359051959800,55,Databank Delete Object Request,404,Not Found,Databank group 1-1,text,false,331,55
1359051960237,55,Databank Delete Object Request,404,Not Found,Databank group 1-1,text,false,331,55
1359051960780,68,Databank Delete Object Request,404,Not Found,Databank group 1-1,text,false,330,68
1359051961986,60,Databank Delete Object Request,404,Not Found,Databank group 1-1,text,false,331,60
1359051962717,63,Databank Delete Object Request,404,Not Found,Databank group 1-1,text,false,331,63
1359051963119,59,Databank Delete Object Request,404,Not Found,Databank group 1-1,text,false,331,59
1359051963858,60,Databank Delete Object Request,404,Not Found,Databank group 1-1,text,false,331,60
1359051964262,57,Databank Delete Object Request,404,Not Found,Databank group 1-1,text,false,331,56
1359051964639,67,Databank Delete Object Request,404,Not Found,Databank group 1-1,text,false,331,67
1359051965260,56,Databank Delete Object Request,404,Not Found,Databank group 1-1,text,false,331,56
1359051966021,138,Databank Delete Object Request,404,Not Found,Databank group 1-1,text,false,331,138
1359051967029,55,Databank Delete Object Request,404,Not Found,Databank group 1-1,text,false,330,55
1359051967394,57,Databank Delete Object Request,404,Not Found,Databank group 1-1,text,false,332,57
1359051967876,64,Databank Delete Object Request,404,Not Found,Databank group 1-1,text,false,331,64
1359051968308,62,Databank Delete Object Request,404,Not Found,Databank group 1-1,text,false,331,62
1359051968812,67,Databank Delete Object Request,404,Not Found,Databank group 1-1,text,false,331,67
1359051969423,59,Databank Delete Object Request,404,Not Found,Databank group 1-1,text,false,331,59
1359051969903,59,Databank Delete Object Request,404,Not Found,Databank group 1-1,text,false,331,59
1359051970623,56,Databank Delete Object Request,404,Not Found,Databank group 1-1,text,false,331,56
1359051971069,55,Databank Delete Object Request,404,Not Found,Databank group 1-1,text,false,331,55
1359051971490,60,Databank Delete Object Request,404,Not Found,Databank group 1-1,text,false,331,60
1359051971879,55,Databank Delete Object Request,404,Not Found,Databank group 1-1,text,false,331,55
1359051972409,54,Databank Delete Object Request,404,Not Found,Databank group 1-1,text,false,330,54
1359051973453,66,Databank Delete Object Request,404,Not Found,Databank group 1-1,text,false,331,66
1359051974055,60,Databank Delete Object Request,404,Not Found,Databank group 1-1,text,false,331,60
1359051974433,59,Databank Delete Object Request,404,Not Found,Databank group 1-1,text,false,331,59
1359051974828,65,Databank Delete Object Request,404,Not Found,Databank group 1-1,text,false,331,65
1359051975227,57,Databank Delete Object Request,404,Not Found,Databank group 1-1,text,false,331,57
1359051975630,60,Databank Delete Object Request,404,Not Found,Databank group 1-1,text,false,331,60
1359051976255,60,Databank Delete Object Request,404,Not Found,Databank group 1-1,text,false,331,60
1359051976692,65,Databank Delete Object Request,404,Not Found,Databank group 1-1,text,false,331,65
1359051977303,55,Databank Delete Object Request,404,Not Found,Databank group 1-1,text,false,331,55
1359051977831,65,Databank Delete Object Request,404,Not Found,Databank group 1-1,text,false,331,65
1359051978214,57,Databank Delete Object Request,404,Not Found,Databank group 1-1,text,false,330,57
1359051978848,64,Databank Delete Object Request,404,Not Found,Databank group 1-1,text,false,331,64
1359051979451,62,Databank Delete Object Request,404,Not Found,Databank group 1-1,text,false,331,62
1359051979879,80,Databank Delete Object Request,404,Not Found,Databank group 1-1,text,false,331,80
1359051980437,55,Databank Delete Object Request,404,Not Found,Databank group 1-1,text,false,331,55
1359051981987,56,Databank Delete Object Request,404,Not Found,Databank group 1-1,text,false,331,56
1359051982741,56,Databank Delete Object Request,404,Not Found,Databank group 1-1,text,false,331,56
1359051983135,61,Databank Delete Object Request,404,Not Found,Databank group 1-1,text,false,331,61
1359051983515,56,Databank Delete Object Request,404,Not Found,Databank group 1-1,text,false,331,56
1359051984883,60,Databank Delete Object Request,404,Not Found,Databank group 1-1,text,false,330,60
1359051985440,55,Databank Delete Object Request,404,Not Found,Databank group 1-1,text,false,331,55
1359051985979,60,Databank Delete Object Request,404,Not Found,Databank group 1-1,text,false,331,60
1359051986349,59,Databank Delete Object Request,404,Not Found,Databank group 1-1,text,false,331,59
1359051986929,60,Databank Delete Object Request,404,Not Found,Databank group 1-1,text,false,331,60
1359051987305,58,Databank Delete Object Request,404,Not Found,Databank group 1-1,text,false,331,58
1359051987821,56,Databank Delete Object Request,404,Not Found,Databank group 1-1,text,false,331,56
1359051988188,67,Databank Delete Object Request,404,Not Found,Databank group 1-1,text,false,331,67
1359051988572,61,Databank Delete Object Request,404,Not Found,Databank group 1-1,text,false,331,61
1359051989119,64,Databank Delete Object Request,404,Not Found,Databank group 1-1,text,false,331,64
1359051989694,58,Databank Delete Object Request,404,Not Found,Databank group 1-1,text,false,331,58
1359051990178,60,Databank Delete Object Request,404,Not Found,Databank group 1-1,text,false,330,60
1359051990549,65,Databank Delete Object Request,404,Not Found,Databank group 1-1,text,false,331,65
1359051990998,68,Databank Delete Object Request,404,Not Found,Databank group 1-1,text,false,331,68
1359051992149,54,Databank Delete Object Request,404,Not Found,Databank group 1-1,text,false,331,54
1359051992870,54,Databank Delete Object Request,404,Not Found,Databank group 1-1,text,false,331,54
1359051993414,56,Databank Delete Object Request,404,Not Found,Databank group 1-1,text,false,331,56
1359051994090,55,Databank Delete Object Request,404,Not Found,Databank group 1-1,text,false,331,55
1359051994467,57,Databank Delete Object Request,404,Not Found,Databank group 1-1,text,false,331,57
1359051994871,58,Databank Delete Object Request,404,Not Found,Databank group 1-1,text,false,331,58
1359051995329,57,Databank Delete Object Request,404,Not Found,Databank group 1-1,text,false,331,56
1359051995879,62,Databank Delete Object Request,404,Not Found,Databank group 1-1,text,false,330,62
1359051996571,67,Databank Delete Object Request,404,Not Found,Databank group 1-1,text,false,331,67
1359051996977,64,Databank Delete Object Request,404,Not Found,Databank group 1-1,text,false,331,64
1359051997599,60,Databank Delete Object Request,404,Not Found,Databank group 1-1,text,false,331,60
1359051998092,61,Databank Delete Object Request,404,Not Found,Databank group 1-1,text,false,331,61
1359051998466,60,Databank Delete Object Request,404,Not Found,Databank group 1-1,text,false,331,60
1359051999254,57,Databank Delete Object Request,404,Not Found,Databank group 1-1,text,false,331,57
1359052001337,60,Databank Delete Object Request,404,Not Found,Databank group 1-1,text,false,331,60
1359052001722,61,Databank Delete Object Request,404,Not Found,Databank group 1-1,text,false,331,61
1359052002487,54,Databank Delete Object Request,404,Not Found,Databank group 1-1,text,false,331,54
1359052002859,66,Databank Delete Object Request,404,Not Found,Databank group 1-1,text,false,330,66
1359052004767,57,Databank Delete Object Request,404,Not Found,Databank group 1-1,text,false,331,57
1359052005522,58,Databank Delete Object Request,404,Not Found,Databank group 1-1,text,false,331,57
1359052006034,53,Databank Delete Object Request,404,Not Found,Databank group 1-1,text,false,331,53
1359052006398,56,Databank Delete Object Request,404,Not Found,Databank group 1-1,text,false,331,56
1359052007076,64,Databank Delete Object Request,404,Not Found,Databank group 1-1,text,false,331,64
1359052007457,58,Databank Delete Object Request,404,Not Found,Databank group 1-1,text,false,331,58
1359052007814,58,Databank Delete Object Request,404,Not Found,Databank group 1-1,text,false,331,58
1359052008172,56,Databank Delete Object Request,404,Not Found,Databank group 1-1,text,false,331,56
1359052008629,124,Databank Delete Object Request,404,Not Found,Databank group 1-1,text,false,331,124
1359052009054,61,Databank Delete Object Request,404,Not Found,Databank group 1-1,text,false,330,61
1359052009897,61,Databank Delete Object Request,404,Not Found,Databank group 1-1,text,false,331,61
1359052010372,64,Databank Delete Object Request,404,Not Found,Databank group 1-1,text,false,331,64
1359052011396,54,Databank Delete Object Request,404,Not Found,Databank group 1-1,text,false,331,54
1359052011763,60,Databank Delete Object Request,404,Not Found,Databank group 1-1,text,false,331,60
1359052012160,59,Databank Delete Object Request,404,Not Found,Databank group 1-1,text,false,331,59
1359052012523,56,Databank Delete Object Request,404,Not Found,Databank group 1-1,text,false,331,56
1359052013016,55,Databank Delete Object Request,404,Not Found,Databank group 1-1,text,false,331,55
1359052013691,214,Databank Delete Object Request,404,Not Found,Databank group 1-1,text,false,331,214
1359052014222,68,Databank Delete Object Request,404,Not Found,Databank group 1-1,text,false,331,68
1359052017580,58,Databank Delete Object Request,404,Not Found,Databank group 1-1,text,false,330,58
1359052017954,55,Databank Delete Object Request,404,Not Found,Databank group 1-1,text,false,330,55
1359052018324,64,Databank Delete Object Request,404,Not Found,Databank group 1-1,text,false,331,64
1359052018714,78,Databank Delete Object Request,404,Not Found,Databank group 1-1,text,false,331,78
1359052019247,57,Databank Delete Object Request,404,Not Found,Databank group 1-1,text,false,331,57
1359052019694,54,Databank Delete Object Request,404,Not Found,Databank group 1-1,text,false,331,54
1359052020060,53,Databank Delete Object Request,404,Not Found,Databank group 1-1,text,false,331,53
1359052020420,55,Databank Delete Object Request,404,Not Found,Databank group 1-1,text,false,331,54
1359052021048,56,Databank Delete Object Request,404,Not Found,Databank group 1-1,text,false,331,56
1359052021414,69,Databank Delete Object Request,404,Not Found,Databank group 1-1,text,false,331,69
1359052022433,62,Databank Delete Object Request,404,Not Found,Databank group 1-1,text,false,331,62
1359052022959,61,Databank Delete Object Request,404,Not Found,Databank group 1-1,text,false,331,61
1359052023604,65,Databank Delete Object Request,404,Not Found,Databank group 1-1,text,false,330,65
1359052024370,55,Databank Delete Object Request,404,Not Found,Databank group 1-1,text,false,331,55
1359052024768,56,Databank Delete Object Request,404,Not Found,Databank group 1-1,text,false,331,56
1359052025150,60,Databank Delete Object Request,404,Not Found,Databank group 1-1,text,false,331,60
1359052025567,66,Databank Delete Object Request,404,Not Found,Databank group 1-1,text,false,331,66
1359052026095,62,Databank Delete Object Request,404,Not Found,Databank group 1-1,text,false,331,62
1359052026468,61,Databank Delete Object Request,404,Not Found,Databank group 1-1,text,false,331,61
1359052026987,56,Databank Delete Object Request,404,Not Found,Databank group 1-1,text,false,331,56
1359052027556,65,Databank Delete Object Request,404,Not Found,Databank group 1-1,text,false,331,65
1359052028008,58,Databank Delete Object Request,404,Not Found,Databank group 1-1,text,false,331,58
1359052028389,64,Databank Delete Object Request,404,Not Found,Databank group 1-1,text,false,331,64
1359052029194,61,Databank Delete Object Request,404,Not Found,Databank group 1-1,text,false,295,61
1359052029566,63,Databank Delete Object Request,404,Not Found,Databank group 1-1,text,false,331,62
1359052030100,59,Databank Delete Object Request,404,Not Found,Databank group 1-1,text,false,331,59
1359052030476,54,Databank Delete Object Request,404,Not Found,Databank group 1-1,text,false,331,54
1359052031118,57,Databank Delete Object Request,404,Not Found,Databank group 1-1,text,false,331,57
1359052031744,61,Databank Delete Object Request,404,Not Found,Databank group 1-1,text,false,331,61
1359052032613,68,Databank Delete Object Request,404,Not Found,Databank group 1-1,text,false,331,68
1359052032988,63,Databank Delete Object Request,404,Not Found,Databank group 1-1,text,false,331,63
1359052033621,61,Databank Delete Object Request,404,Not Found,Databank group 1-1,text,false,331,61
1359052034120,60,Databank Delete Object Request,404,Not Found,Databank group 1-1,text,false,331,60
1359052034577,61,Databank Delete Object Request,404,Not Found,Databank group 1-1,text,false,330,61
1359052035195,70,Databank Delete Object Request,404,Not Found,Databank group 1-1,text,false,331,70
1359052035588,64,Databank Delete Object Request,404,Not Found,Databank group 1-1,text,false,331,64
1359052035973,63,Databank Delete Object Request,404,Not Found,Databank group 1-1,text,false,331,63
1359052036529,64,Databank Delete Object Request,404,Not Found,Databank group 1-1,text,false,331,64
1359052036893,60,Databank Delete Object Request,404,Not Found,Databank group 1-1,text,false,331,60
1359052037265,74,Databank Delete Object Request,404,Not Found,Databank group 1-1,text,false,331,74
1359052037911,58,Databank Delete Object Request,404,Not Found,Databank group 1-1,text,false,331,58
1359052038489,55,Databank Delete Object Request,404,Not Found,Databank group 1-1,text,false,331,55
1359052038992,56,Databank Delete Object Request,404,Not Found,Databank group 1-1,text,false,331,56
1359052039390,56,Databank Delete Object Request,404,Not Found,Databank group 1-1,text,false,331,56
1359052039944,59,Databank Delete Object Request,404,Not Found,Databank group 1-1,text,false,330,59
1359052040331,66,Databank Delete Object Request,404,Not Found,Databank group 1-1,text,false,332,66
1359052040989,55,Databank Delete Object Request,404,Not Found,Databank group 1-1,text,false,331,54
1359052041747,57,Databank Delete Object Request,404,Not Found,Databank group 1-1,text,false,331,56
1359052042282,59,Databank Delete Object Request,404,Not Found,Databank group 1-1,text,false,331,59
1359052042671,57,Databank Delete Object Request,404,Not Found,Databank group 1-1,text,false,331,57
1359052043037,62,Databank Delete Object Request,404,Not Found,Databank group 1-1,text,false,331,62
1359052043564,61,Databank Delete Object Request,404,Not Found,Databank group 1-1,text,false,331,61
1359052044407,58,Databank Delete Object Request,404,Not Found,Databank group 1-1,text,false,331,58
1359052044800,60,Databank Delete Object Request,404,Not Found,Databank group 1-1,text,false,331,60
1359052045244,53,Databank Delete Object Request,404,Not Found,Databank group 1-1,text,false,331,53
1359052045764,62,Databank Delete Object Request,404,Not Found,Databank group 1-1,text,false,330,61
1359052046796,54,Databank Delete Object Request,404,Not Found,Databank group 1-1,text,false,331,54
1359052047369,64,Databank Delete Object Request,404,Not Found,Databank group 1-1,text,false,331,64
1359052048252,54,Databank Delete Object Request,404,Not Found,Databank group 1-1,text,false,331,54
1359052048684,58,Databank Delete Object Request,404,Not Found,Databank group 1-1,text,false,331,58
1359052049518,66,Databank Delete Object Request,404,Not Found,Databank group 1-1,text,false,331,66
1359052050048,53,Databank Delete Object Request,404,Not Found,Databank group 1-1,text,false,331,53
1359052050431,56,Databank Delete Object Request,404,Not Found,Databank group 1-1,text,false,331,56
1359052051685,57,Databank Delete Object Request,404,Not Found,Databank group 1-1,text,false,295,57
1359052053649,53,Databank Delete Object Request,404,Not Found,Databank group 1-1,text,false,331,53
1359052054425,55,Databank Delete Object Request,404,Not Found,Databank group 1-1,text,false,331,55
1359052054880,55,Databank Delete Object Request,404,Not Found,Databank group 1-1,text,false,331,55
1359052055313,57,Databank Delete Object Request,404,Not Found,Databank group 1-1,text,false,331,57
1359052055679,57,Databank Delete Object Request,404,Not Found,Databank group 1-1,text,false,331,57
1359052056245,62,Databank Delete Object Request,404,Not Found,Databank group 1-1,text,false,331,62
1359052056772,62,Databank Delete Object Request,404,Not Found,Databank group 1-1,text,false,331,62
1359052057134,66,Databank Delete Object Request,404,Not Found,Databank group 1-1,text,false,331,66
1359052057933,56,Databank Delete Object Request,404,Not Found,Databank group 1-1,text,false,331,56
1359052059349,59,Databank Delete Object Request,404,Not Found,Databank group 1-1,text,false,330,59
1359052059730,60,Databank Delete Object Request,404,Not Found,Databank group 1-1,text,false,331,60
1359052060190,58,Databank Delete Object Request,404,Not Found,Databank group 1-1,text,false,331,58
1359052060723,55,Databank Delete Object Request,404,Not Found,Databank group 1-1,text,false,331,55
1359052061420,57,Databank Delete Object Request,404,Not Found,Databank group 1-1,text,false,331,57
1359052061804,58,Databank Delete Object Request,404,Not Found,Databank group 1-1,text,false,331,58
1359052062328,64,Databank Delete Object Request,404,Not Found,Databank group 1-1,text,false,331,64
1359052062702,60,Databank Delete Object Request,404,Not Found,Databank group 1-1,text,false,331,60
1359052063074,61,Databank Delete Object Request,404,Not Found,Databank group 1-1,text,false,331,60
1359052063456,63,Databank Delete Object Request,404,Not Found,Databank group 1-1,text,false,331,63
1359052064168,58,Databank Delete Object Request,404,Not Found,Databank group 1-1,text,false,330,58
1359052064550,56,Databank Delete Object Request,404,Not Found,Databank group 1-1,text,false,330,56
1359052065090,56,Databank Delete Object Request,404,Not Found,Databank group 1-1,text,false,331,56
1359052065456,64,Databank Delete Object Request,404,Not Found,Databank group 1-1,text,false,331,64
1359052065817,59,Databank Delete Object Request,404,Not Found,Databank group 1-1,text,false,331,59
1359052066177,55,Databank Delete Object Request,404,Not Found,Databank group 1-1,text,false,331,55
1359052066546,55,Databank Delete Object Request,404,Not Found,Databank group 1-1,text,false,331,55
1359052067078,64,Databank Delete Object Request,404,Not Found,Databank group 1-1,text,false,331,64
1359052067673,65,Databank Delete Object Request,404,Not Found,Databank group 1-1,text,false,331,65
1359052068209,61,Databank Delete Object Request,404,Not Found,Databank group 1-1,text,false,331,61
1359052068978,55,Databank Delete Object Request,404,Not Found,Databank group 1-1,text,false,331,55
1359052069359,56,Databank Delete Object Request,404,Not Found,Databank group 1-1,text,false,330,56
1359052069931,60,Databank Delete Object Request,404,Not Found,Databank group 1-1,text,false,331,60
1359052070306,140,Databank Delete Object Request,404,Not Found,Databank group 1-1,text,false,331,140
1359052070756,63,Databank Delete Object Request,404,Not Found,Databank group 1-1,text,false,331,63
1359052071296,57,Databank Delete Object Request,404,Not Found,Databank group 1-1,text,false,331,57
1359052072395,60,Databank Delete Object Request,404,Not Found,Databank group 1-1,text,false,331,60
1359052072972,62,Databank Delete Object Request,404,Not Found,Databank group 1-1,text,false,331,62
1359052073513,60,Databank Delete Object Request,404,Not Found,Databank group 1-1,text,false,331,60
1359052074000,66,Databank Delete Object Request,404,Not Found,Databank group 1-1,text,false,331,66
1359052074395,60,Databank Delete Object Request,404,Not Found,Databank group 1-1,text,false,331,60
1359052074759,61,Databank Delete Object Request,404,Not Found,Databank group 1-1,text,false,331,61
1359052075444,53,Databank Delete Object Request,404,Not Found,Databank group 1-1,text,false,331,53
1359052076207,56,Databank Delete Object Request,404,Not Found,Databank group 1-1,text,false,331,56
1359052076568,62,Databank Delete Object Request,404,Not Found,Databank group 1-1,text,false,331,62
1359052076941,55,Databank Delete Object Request,404,Not Found,Databank group 1-1,text,false,331,55
1359052077315,59,Databank Delete Object Request,404,Not Found,Databank group 1-1,text,false,331,59
1359052077881,67,Databank Delete Object Request,404,Not Found,Databank group 1-1,text,false,331,67
1359052078283,62,Databank Delete Object Request,404,Not Found,Databank group 1-1,text,false,331,62
1359052078987,59,Databank Delete Object Request,404,Not Found,Databank group 1-1,text,false,331,59
1359052079534,65,Databank Delete Object Request,404,Not Found,Databank group 1-1,text,false,331,65
1359052079981,55,Databank Delete Object Request,404,Not Found,Databank group 1-1,text,false,330,55
1359052080414,74,Databank Delete Object Request,404,Not Found,Databank group 1-1,text,false,332,74
1359052081077,58,Databank Delete Object Request,404,Not Found,Databank group 1-1,text,false,331,57
1359052081796,63,Databank Delete Object Request,404,Not Found,Databank group 1-1,text,false,331,62
1359052082169,65,Databank Delete Object Request,404,Not Found,Databank group 1-1,text,false,331,65
1359052083045,57,Databank Delete Object Request,404,Not Found,Databank group 1-1,text,false,331,57
1359052083781,74,Databank Delete Object Request,404,Not Found,Databank group 1-1,text,false,331,74
1359052084358,60,Databank Delete Object Request,404,Not Found,Databank group 1-1,text,false,331,60
1359052084801,63,Databank Delete Object Request,404,Not Found,Databank group 1-1,text,false,331,63
1359052085248,54,Databank Delete Object Request,404,Not Found,Databank group 1-1,text,false,331,54
1359052085655,60,Databank Delete Object Request,404,Not Found,Databank group 1-1,text,false,331,60
1359052086319,54,Databank Delete Object Request,404,Not Found,Databank group 1-1,text,false,330,54
1359052086696,63,Databank Delete Object Request,404,Not Found,Databank group 1-1,text,false,331,63
1359052087404,54,Databank Delete Object Request,404,Not Found,Databank group 1-1,text,false,331,54
1359052087786,65,Databank Delete Object Request,404,Not Found,Databank group 1-1,text,false,331,65
1359052088351,60,Databank Delete Object Request,404,Not Found,Databank group 1-1,text,false,331,60
1359052089162,56,Databank Delete Object Request,404,Not Found,Databank group 1-1,text,false,331,56
1359052089524,56,Databank Delete Object Request,404,Not Found,Databank group 1-1,text,false,331,56
1359052089939,56,Databank Delete Object Request,404,Not Found,Databank group 1-1,text,false,331,56
1359052090360,58,Databank Delete Object Request,404,Not Found,Databank group 1-1,text,false,331,58
1359052091291,56,Databank Delete Object Request,404,Not Found,Databank group 1-1,text,false,331,56
1359052091660,54,Databank Delete Object Request,404,Not Found,Databank group 1-1,text,false,331,54
1359052092070,61,Databank Delete Object Request,404,Not Found,Databank group 1-1,text,false,330,61
1359052092452,60,Databank Delete Object Request,404,Not Found,Databank group 1-1,text,false,331,60
1359052092935,65,Databank Delete Object Request,404,Not Found,Databank group 1-1,text,false,331,65
1359052095348,68,Databank Delete Object Request,404,Not Found,Databank group 1-1,text,false,331,68
1359052095733,57,Databank Delete Object Request,404,Not Found,Databank group 1-1,text,false,331,57
1359052096096,61,Databank Delete Object Request,404,Not Found,Databank group 1-1,text,false,331,61
1359052097143,55,Databank Delete Object Request,404,Not Found,Databank group 1-1,text,false,331,55
1359052097512,135,Databank Delete Object Request,404,Not Found,Databank group 1-1,text,false,331,135
1359052097947,61,Databank Delete Object Request,404,Not Found,Databank group 1-1,text,false,331,61
1359052098662,59,Databank Delete Object Request,404,Not Found,Databank group 1-1,text,false,331,59
1359052099054,57,Databank Delete Object Request,404,Not Found,Databank group 1-1,text,false,330,57
1359052099670,64,Databank Delete Object Request,404,Not Found,Databank group 1-1,text,false,331,64
1359052100055,61,Databank Delete Object Request,404,Not Found,Databank group 1-1,text,false,331,61
1359052100457,62,Databank Delete Object Request,404,Not Found,Databank group 1-1,text,false,331,62
1359052100979,56,Databank Delete Object Request,404,Not Found,Databank group 1-1,text,false,331,56
1359052101351,58,Databank Delete Object Request,404,Not Found,Databank group 1-1,text,false,331,58
1359052101932,62,Databank Delete Object Request,404,Not Found,Databank group 1-1,text,false,331,62
1359052102311,58,Databank Delete Object Request,404,Not Found,Databank group 1-1,text,false,331,58
1359052102724,61,Databank Delete Object Request,404,Not Found,Databank group 1-1,text,false,331,61
1359052103091,59,Databank Delete Object Request,404,Not Found,Databank group 1-1,text,false,331,59
1359052103640,55,Databank Delete Object Request,404,Not Found,Databank group 1-1,text,false,331,55
1359052104280,53,Databank Delete Object Request,404,Not Found,Databank group 1-1,text,false,331,53
1359052104671,60,Databank Delete Object Request,404,Not Found,Databank group 1-1,text,false,330,60
1359052105078,56,Databank Delete Object Request,404,Not Found,Databank group 1-1,text,false,331,56
1359052105455,63,Databank Delete Object Request,404,Not Found,Databank group 1-1,text,false,331,63
1359052106033,62,Databank Delete Object Request,404,Not Found,Databank group 1-1,text,false,331,62
1359052106395,66,Databank Delete Object Request,404,Not Found,Databank group 1-1,text,false,331,66
1359052106807,61,Databank Delete Object Request,404,Not Found,Databank group 1-1,text,false,331,61
1359052107620,59,Databank Delete Object Request,404,Not Found,Databank group 1-1,text,false,331,59
1359052108062,53,Databank Delete Object Request,404,Not Found,Databank group 1-1,text,false,331,53
1359052108421,54,Databank Delete Object Request,404,Not Found,Databank group 1-1,text,false,331,54
1359052108798,61,Databank Delete Object Request,404,Not Found,Databank group 1-1,text,false,331,60
1359052109169,60,Databank Delete Object Request,404,Not Found,Databank group 1-1,text,false,331,60
1359052109790,62,Databank Delete Object Request,404,Not Found,Databank group 1-1,text,false,330,62
1359052110168,56,Databank Delete Object Request,404,Not Found,Databank group 1-1,text,false,331,56
1359052110765,71,Databank Delete Object Request,404,Not Found,Databank group 1-1,text,false,331,71
1359052111304,56,Databank Delete Object Request,404,Not Found,Databank group 1-1,text,false,331,56
1359052111745,63,Databank Delete Object Request,404,Not Found,Databank group 1-1,text,false,331,63
1359052112377,66,Databank Delete Object Request,404,Not Found,Databank group 1-1,text,false,331,66
1359052112879,66,Databank Delete Object Request,404,Not Found,Databank group 1-1,text,false,331,66
1359052113356,63,Databank Delete Object Request,404,Not Found,Databank group 1-1,text,false,331,63
1359052114501,55,Databank Delete Object Request,404,Not Found,Databank group 1-1,text,false,331,55
1359052115529,65,Databank Delete Object Request,404,Not Found,Databank group 1-1,text,false,331,65
1359052115897,64,Databank Delete Object Request,404,Not Found,Databank group 1-1,text,false,330,64
1359052116658,55,Databank Delete Object Request,404,Not Found,Databank group 1-1,text,false,331,55
1359052117025,62,Databank Delete Object Request,404,Not Found,Databank group 1-1,text,false,331,62
1359052117433,62,Databank Delete Object Request,404,Not Found,Databank group 1-1,text,false,331,62
1359052117876,60,Databank Delete Object Request,404,Not Found,Databank group 1-1,text,false,331,60
1359052118251,58,Databank Delete Object Request,404,Not Found,Databank group 1-1,text,false,331,58
1359052119248,55,Databank Delete Object Request,404,Not Found,Databank group 1-1,text,false,331,55
1359052119626,55,Databank Delete Object Request,404,Not Found,Databank group 1-1,text,false,331,55
1359052120038,62,Databank Delete Object Request,404,Not Found,Databank group 1-1,text,false,331,62
1359052120577,66,Databank Delete Object Request,404,Not Found,Databank group 1-1,text,false,331,66
1359052121357,55,Databank Delete Object Request,404,Not Found,Databank group 1-1,text,false,330,55
1359052121958,57,Databank Delete Object Request,404,Not Found,Databank group 1-1,text,false,331,57
1359052122488,61,Databank Delete Object Request,404,Not Found,Databank group 1-1,text,false,331,61
1359052123026,63,Databank Delete Object Request,404,Not Found,Databank group 1-1,text,false,331,62
1359052124174,71,Databank Delete Object Request,404,Not Found,Databank group 1-1,text,false,331,71
1359052124780,55,Databank Delete Object Request,404,Not Found,Databank group 1-1,text,false,331,55
1359052125162,70,Databank Delete Object Request,404,Not Found,Databank group 1-1,text,false,331,70
1359052125804,63,Databank Delete Object Request,404,Not Found,Databank group 1-1,text,false,331,63
1359052126359,56,Databank Delete Object Request,404,Not Found,Databank group 1-1,text,false,331,56
1359052127061,54,Databank Delete Object Request,404,Not Found,Databank group 1-1,text,false,331,54
1359052127601,55,Databank Delete Object Request,404,Not Found,Databank group 1-1,text,false,330,55
1359052128120,59,Databank Delete Object Request,404,Not Found,Databank group 1-1,text,false,331,59
1359052128507,63,Databank Delete Object Request,404,Not Found,Databank group 1-1,text,false,331,63
1359052129191,67,Databank Delete Object Request,404,Not Found,Databank group 1-1,text,false,331,67
1359052129592,62,Databank Delete Object Request,404,Not Found,Databank group 1-1,text,false,331,62
1359052130082,55,Databank Delete Object Request,404,Not Found,Databank group 1-1,text,false,331,55
1359052130701,63,Databank Delete Object Request,404,Not Found,Databank group 1-1,text,false,331,63
1359052131240,61,Databank Delete Object Request,404,Not Found,Databank group 1-1,text,false,331,61
1359052131605,63,Databank Delete Object Request,404,Not Found,Databank group 1-1,text,false,331,63
1359052131998,56,Databank Delete Object Request,404,Not Found,Databank group 1-1,text,false,331,56
1359052132612,140,Databank Delete Object Request,404,Not Found,Databank group 1-1,text,false,331,140
1359052133547,61,Databank Delete Object Request,404,Not Found,Databank group 1-1,text,false,330,61
1359052134440,62,Databank Delete Object Request,404,Not Found,Databank group 1-1,text,false,332,62
1359052134936,61,Databank Delete Object Request,404,Not Found,Databank group 1-1,text,false,331,61
1359052135472,63,Databank Delete Object Request,404,Not Found,Databank group 1-1,text,false,331,63
1359052136020,67,Databank Delete Object Request,404,Not Found,Databank group 1-1,text,false,331,67
1359052136773,69,Databank Delete Object Request,404,Not Found,Databank group 1-1,text,false,331,69
1359052137228,62,Databank Delete Object Request,404,Not Found,Databank group 1-1,text,false,331,62
1359052137609,63,Databank Delete Object Request,404,Not Found,Databank group 1-1,text,false,331,63
1359052137990,64,Databank Delete Object Request,404,Not Found,Databank group 1-1,text,false,331,64
1359052138931,60,Databank Delete Object Request,404,Not Found,Databank group 1-1,text,false,331,60
1359052139462,63,Databank Delete Object Request,404,Not Found,Databank group 1-1,text,false,330,63
1359052139907,67,Databank Delete Object Request,404,Not Found,Databank group 1-1,text,false,332,67
1359052140480,59,Databank Delete Object Request,404,Not Found,Databank group 1-1,text,false,331,59
1359052140860,55,Databank Delete Object Request,404,Not Found,Databank group 1-1,text,false,331,55
1359052141390,62,Databank Delete Object Request,404,Not Found,Databank group 1-1,text,false,331,62
1359052141781,57,Databank Delete Object Request,404,Not Found,Databank group 1-1,text,false,331,57
1359052142155,55,Databank Delete Object Request,404,Not Found,Databank group 1-1,text,false,331,55
1359052142575,56,Databank Delete Object Request,404,Not Found,Databank group 1-1,text,false,331,56
1359052142951,62,Databank Delete Object Request,404,Not Found,Databank group 1-1,text,false,331,62
1359052143325,57,Databank Delete Object Request,404,Not Found,Databank group 1-1,text,false,331,57
1359052143770,58,Databank Delete Object Request,404,Not Found,Databank group 1-1,text,false,331,58
1359052144861,59,Databank Delete Object Request,404,Not Found,Databank group 1-1,text,false,330,59
1359052145244,57,Databank Delete Object Request,404,Not Found,Databank group 1-1,text,false,295,57
1359052145832,62,Databank Delete Object Request,404,Not Found,Databank group 1-1,text,false,331,62
1359052146199,61,Databank Delete Object Request,404,Not Found,Databank group 1-1,text,false,331,61
1359052146659,60,Databank Delete Object Request,404,Not Found,Databank group 1-1,text,false,331,60
1359052147030,58,Databank Delete Object Request,404,Not Found,Databank group 1-1,text,false,331,58
1359052147576,56,Databank Delete Object Request,404,Not Found,Databank group 1-1,text,false,331,56
1359052148226,56,Databank Delete Object Request,404,Not Found,Databank group 1-1,text,false,331,56
1359052149003,71,Databank Delete Object Request,404,Not Found,Databank group 1-1,text,false,331,71
1359052149477,62,Databank Delete Object Request,404,Not Found,Databank group 1-1,text,false,331,62
1359052150083,55,Databank Delete Object Request,404,Not Found,Databank group 1-1,text,false,331,55
1359052150446,65,Databank Delete Object Request,404,Not Found,Databank group 1-1,text,false,331,65
1359052150827,60,Databank Delete Object Request,404,Not Found,Databank group 1-1,text,false,330,60
1359052151205,143,Databank Delete Object Request,404,Not Found,Databank group 1-1,text,false,331,142
1359052151654,68,Databank Delete Object Request,404,Not Found,Databank group 1-1,text,false,331,68
1359052152033,60,Databank Delete Object Request,404,Not Found,Databank group 1-1,text,false,331,60
1359052152481,70,Databank Delete Object Request,404,Not Found,Databank group 1-1,text,false,331,70
1359052153327,55,Databank Delete Object Request,404,Not Found,Databank group 1-1,text,false,331,55
1359052154274,56,Databank Delete Object Request,404,Not Found,Databank group 1-1,text,false,331,56
1359052154645,58,Databank Delete Object Request,404,Not Found,Databank group 1-1,text,false,331,58
1359052155631,60,Databank Delete Object Request,404,Not Found,Databank group 1-1,text,false,331,60
1359052156033,57,Databank Delete Object Request,404,Not Found,Databank group 1-1,text,false,331,57
1359052156563,57,Databank Delete Object Request,404,Not Found,Databank group 1-1,text,false,331,57
1359052157047,61,Databank Delete Object Request,404,Not Found,Databank group 1-1,text,false,330,61
1359052157865,59,Databank Delete Object Request,404,Not Found,Databank group 1-1,text,false,331,59
1359052158249,59,Databank Delete Object Request,404,Not Found,Databank group 1-1,text,false,331,59
1359052158652,53,Databank Delete Object Request,404,Not Found,Databank group 1-1,text,false,331,53
1359052159120,64,Databank Delete Object Request,404,Not Found,Databank group 1-1,text,false,331,64
1359052159505,55,Databank Delete Object Request,404,Not Found,Databank group 1-1,text,false,331,55
1359052159863,63,Databank Delete Object Request,404,Not Found,Databank group 1-1,text,false,331,63
1359052160408,61,Databank Delete Object Request,404,Not Found,Databank group 1-1,text,false,331,61
1359052161024,69,Databank Delete Object Request,404,Not Found,Databank group 1-1,text,false,331,68
1359052161424,55,Databank Delete Object Request,404,Not Found,Databank group 1-1,text,false,331,55
1359052161865,137,Databank Delete Object Request,404,Not Found,Databank group 1-1,text,false,331,137
1359052162491,66,Databank Delete Object Request,404,Not Found,Databank group 1-1,text,false,330,66
1359052162931,58,Databank Delete Object Request,404,Not Found,Databank group 1-1,text,false,331,58
1359052163530,65,Databank Delete Object Request,404,Not Found,Databank group 1-1,text,false,331,65
1359052164379,59,Databank Delete Object Request,404,Not Found,Databank group 1-1,text,false,331,59
1359052164941,63,Databank Delete Object Request,404,Not Found,Databank group 1-1,text,false,331,63
1359052165498,57,Databank Delete Object Request,404,Not Found,Databank group 1-1,text,false,331,57
1359052175535,58,Databank Delete Object Request,404,Not Found,Databank group 1-1,text,false,331,57
1359052176845,59,Databank Delete Object Request,404,Not Found,Databank group 1-1,text,false,331,59
1359052177418,55,Databank Delete Object Request,404,Not Found,Databank group 1-1,text,false,331,55
1359052178499,76,Databank Delete Object Request,404,Not Found,Databank group 1-1,text,false,331,76
1359052179246,54,Databank Delete Object Request,404,Not Found,Databank group 1-1,text,false,295,54
1359052179833,58,Databank Delete Object Request,404,Not Found,Databank group 1-1,text,false,331,58
1359052180548,72,Databank Delete Object Request,404,Not Found,Databank group 1-1,text,false,331,72
1359052181282,59,Databank Delete Object Request,404,Not Found,Databank group 1-1,text,false,331,59
1359052181733,55,Databank Delete Object Request,404,Not Found,Databank group 1-1,text,false,331,55
1359052182249,58,Databank Delete Object Request,404,Not Found,Databank group 1-1,text,false,331,58
1359052182792,103,Databank Delete Object Request,404,Not Found,Databank group 1-1,text,false,331,103
1359052183202,61,Databank Delete Object Request,404,Not Found,Databank group 1-1,text,false,331,61
1359052183807,68,Databank Delete Object Request,404,Not Found,Databank group 1-1,text,false,331,68
1359052185283,55,Databank Delete Object Request,404,Not Found,Databank group 1-1,text,false,331,55
1359052185687,61,Databank Delete Object Request,404,Not Found,Databank group 1-1,text,false,330,61
1359052186869,68,Databank Delete Object Request,404,Not Found,Databank group 1-1,text,false,331,68
1359052187238,63,Databank Delete Object Request,404,Not Found,Databank group 1-1,text,false,331,63
1359052187726,160,Databank Delete Object Request,404,Not Found,Databank group 1-1,text,false,331,160
1359052188379,61,Databank Delete Object Request,404,Not Found,Databank group 1-1,text,false,331,61
1359052188993,65,Databank Delete Object Request,404,Not Found,Databank group 1-1,text,false,331,65
1359052189368,65,Databank Delete Object Request,404,Not Found,Databank group 1-1,text,false,331,65
1359052190203,55,Databank Delete Object Request,404,Not Found,Databank group 1-1,text,false,331,55
1359052190718,175,Databank Delete Object Request,404,Not Found,Databank group 1-1,text,false,331,175
1359052191655,58,Databank Delete Object Request,404,Not Found,Databank group 1-1,text,false,331,58
1359052192052,67,Databank Delete Object Request,404,Not Found,Databank group 1-1,text,false,330,67
1359052192729,56,Databank Delete Object Request,404,Not Found,Databank group 1-1,text,false,331,56
1359052193373,65,Databank Delete Object Request,404,Not Found,Databank group 1-1,text,false,331,65
1359052193929,54,Databank Delete Object Request,404,Not Found,Databank group 1-1,text,false,331,54
1359052194529,62,Databank Delete Object Request,404,Not Found,Databank group 1-1,text,false,331,62
1359052195087,55,Databank Delete Object Request,404,Not Found,Databank group 1-1,text,false,331,55
1359052195621,63,Databank Delete Object Request,404,Not Found,Databank group 1-1,text,false,331,63
1359052196009,66,Databank Delete Object Request,404,Not Found,Databank group 1-1,text,false,331,66
1359052196419,72,Databank Delete Object Request,404,Not Found,Databank group 1-1,text,false,331,72
1359052196802,64,Databank Delete Object Request,404,Not Found,Databank group 1-1,text,false,331,64
1359052197263,64,Databank Delete Object Request,404,Not Found,Databank group 1-1,text,false,331,64
1359052197652,61,Databank Delete Object Request,404,Not Found,Databank group 1-1,text,false,331,61
1359052198184,58,Databank Delete Object Request,404,Not Found,Databank group 1-1,text,false,332,57
1359052198994,69,Databank Delete Object Request,404,Not Found,Databank group 1-1,text,false,331,69
1359052199641,53,Databank Delete Object Request,404,Not Found,Databank group 1-1,text,false,331,53
1359052200325,55,Databank Delete Object Request,404,Not Found,Databank group 1-1,text,false,331,55
1359052200697,55,Databank Delete Object Request,404,Not Found,Databank group 1-1,text,false,331,55
1359052201141,57,Databank Delete Object Request,404,Not Found,Databank group 1-1,text,false,331,57
1359052201713,54,Databank Delete Object Request,404,Not Found,Databank group 1-1,text,false,331,54
1359052202454,61,Databank Delete Object Request,404,Not Found,Databank group 1-1,text,false,331,61
1359052203006,54,Databank Delete Object Request,404,Not Found,Databank group 1-1,text,false,331,54
1359052203374,62,Databank Delete Object Request,404,Not Found,Databank group 1-1,text,false,330,62
1359052203918,61,Databank Delete Object Request,404,Not Found,Databank group 1-1,text,false,331,60
1359052204323,64,Databank Delete Object Request,404,Not Found,Databank group 1-1,text,false,331,64
1359052204783,62,Databank Delete Object Request,404,Not Found,Databank group 1-1,text,false,331,62
1359052205159,64,Databank Delete Object Request,404,Not Found,Databank group 1-1,text,false,331,64
1359052205617,66,Databank Delete Object Request,404,Not Found,Databank group 1-1,text,false,331,66
1359052206290,59,Databank Delete Object Request,404,Not Found,Databank group 1-1,text,false,331,59
1359052208620,59,Databank Delete Object Request,404,Not Found,Databank group 1-1,text,false,331,59
1359052209151,55,Databank Delete Object Request,404,Not Found,Databank group 1-1,text,false,331,55
1359052209736,61,Databank Delete Object Request,404,Not Found,Databank group 1-1,text,false,331,61
1359052210181,54,Databank Delete Object Request,404,Not Found,Databank group 1-1,text,false,331,54
1359052210548,76,Databank Delete Object Request,404,Not Found,Databank group 1-1,text,false,330,76
1359052210953,64,Databank Delete Object Request,404,Not Found,Databank group 1-1,text,false,295,64
1359052211456,62,Databank Delete Object Request,404,Not Found,Databank group 1-1,text,false,331,62
1359052211903,55,Databank Delete Object Request,404,Not Found,Databank group 1-1,text,false,331,55
1359052212429,60,Databank Delete Object Request,404,Not Found,Databank group 1-1,text,false,331,60
1359052213154,60,Databank Delete Object Request,404,Not Found,Databank group 1-1,text,false,331,60
1359052214575,65,Databank Delete Object Request,404,Not Found,Databank group 1-1,text,false,331,65
1359052215149,55,Databank Delete Object Request,404,Not Found,Databank group 1-1,text,false,331,55
1359052215683,65,Databank Delete Object Request,404,Not Found,Databank group 1-1,text,false,331,65
1359052216153,56,Databank Delete Object Request,404,Not Found,Databank group 1-1,text,false,331,56
1359052216586,68,Databank Delete Object Request,404,Not Found,Databank group 1-1,text,false,330,68
1359052217172,53,Databank Delete Object Request,404,Not Found,Databank group 1-1,text,false,331,53
1359052217852,55,Databank Delete Object Request,404,Not Found,Databank group 1-1,text,false,331,55
1359052218219,71,Databank Delete Object Request,404,Not Found,Databank group 1-1,text,false,331,70
1359052218649,111,Databank Delete Object Request,404,Not Found,Databank group 1-1,text,false,331,111
1359052219078,58,Databank Delete Object Request,404,Not Found,Databank group 1-1,text,false,331,58
1359052219637,56,Databank Delete Object Request,404,Not Found,Databank group 1-1,text,false,331,55
1359052220165,61,Databank Delete Object Request,404,Not Found,Databank group 1-1,text,false,331,61
1359052220711,62,Databank Delete Object Request,404,Not Found,Databank group 1-1,text,false,331,62
1359052221173,60,Databank Delete Object Request,404,Not Found,Databank group 1-1,text,false,331,60
1359052221550,146,Databank Delete Object Request,404,Not Found,Databank group 1-1,text,false,331,146
1359052222001,63,Databank Delete Object Request,404,Not Found,Databank group 1-1,text,false,330,63
1359052222372,60,Databank Delete Object Request,404,Not Found,Databank group 1-1,text,false,331,59
1359052222928,59,Databank Delete Object Request,404,Not Found,Databank group 1-1,text,false,331,59
1359052223663,59,Databank Delete Object Request,404,Not Found,Databank group 1-1,text,false,331,59
1359052224048,56,Databank Delete Object Request,404,Not Found,Databank group 1-1,text,false,331,56
1359052224646,57,Databank Delete Object Request,404,Not Found,Databank group 1-1,text,false,331,57
1359052225042,57,Databank Delete Object Request,404,Not Found,Databank group 1-1,text,false,331,57
1359052225741,55,Databank Delete Object Request,404,Not Found,Databank group 1-1,text,false,331,55
1359052226282,68,Databank Delete Object Request,404,Not Found,Databank group 1-1,text,false,331,68
1359052226970,59,Databank Delete Object Request,404,Not Found,Databank group 1-1,text,false,331,59
1359052227424,57,Databank Delete Object Request,404,Not Found,Databank group 1-1,text,false,331,56
1359052227978,56,Databank Delete Object Request,404,Not Found,Databank group 1-1,text,false,330,56
1359052228367,60,Databank Delete Object Request,404,Not Found,Databank group 1-1,text,false,331,60
1359052228841,56,Databank Delete Object Request,404,Not Found,Databank group 1-1,text,false,331,56
1359052229552,64,Databank Delete Object Request,404,Not Found,Databank group 1-1,text,false,331,64
1359052230352,61,Databank Delete Object Request,404,Not Found,Databank group 1-1,text,false,331,61
1359052230743,57,Databank Delete Object Request,404,Not Found,Databank group 1-1,text,false,331,57
1359052231573,59,Databank Delete Object Request,404,Not Found,Databank group 1-1,text,false,331,59
1359052232161,63,Databank Delete Object Request,404,Not Found,Databank group 1-1,text,false,331,63
1359052232539,55,Databank Delete Object Request,404,Not Found,Databank group 1-1,text,false,331,55
1359052233483,65,Databank Delete Object Request,404,Not Found,Databank group 1-1,text,false,331,65
1359052233920,62,Databank Delete Object Request,404,Not Found,Databank group 1-1,text,false,330,62
1359052234348,94,Databank Delete Object Request,404,Not Found,Databank group 1-1,text,false,332,94
1359052235257,55,Databank Delete Object Request,404,Not Found,Databank group 1-1,text,false,331,55
1359052236250,58,Databank Delete Object Request,404,Not Found,Databank group 1-1,text,false,331,58
1359052236646,60,Databank Delete Object Request,404,Not Found,Databank group 1-1,text,false,331,60
1359052237447,59,Databank Delete Object Request,404,Not Found,Databank group 1-1,text,false,331,59
1359052238107,57,Databank Delete Object Request,404,Not Found,Databank group 1-1,text,false,331,57
1359052238649,66,Databank Delete Object Request,404,Not Found,Databank group 1-1,text,false,331,66
1359052239421,62,Databank Delete Object Request,404,Not Found,Databank group 1-1,text,false,331,62
1359052239793,58,Databank Delete Object Request,404,Not Found,Databank group 1-1,text,false,331,58
1359052240247,60,Databank Delete Object Request,404,Not Found,Databank group 1-1,text,false,330,60
1359052240771,62,Databank Delete Object Request,404,Not Found,Databank group 1-1,text,false,332,62
1359052241251,76,Databank Delete Object Request,404,Not Found,Databank group 1-1,text,false,331,76
1359052242489,58,Databank Delete Object Request,404,Not Found,Databank group 1-1,text,false,331,58
1359052243317,62,Databank Delete Object Request,404,Not Found,Databank group 1-1,text,false,331,62
1359052243906,63,Databank Delete Object Request,404,Not Found,Databank group 1-1,text,false,331,63
1359052244570,54,Databank Delete Object Request,404,Not Found,Databank group 1-1,text,false,331,54
1359052244931,55,Databank Delete Object Request,404,Not Found,Databank group 1-1,text,false,331,55
1359052245424,55,Databank Delete Object Request,404,Not Found,Databank group 1-1,text,false,331,55
1359052246599,64,Databank Delete Object Request,404,Not Found,Databank group 1-1,text,false,331,64
1359052247195,61,Databank Delete Object Request,404,Not Found,Databank group 1-1,text,false,331,61
1359052247561,60,Databank Delete Object Request,404,Not Found,Databank group 1-1,text,false,330,60
1359052248315,57,Databank Delete Object Request,404,Not Found,Databank group 1-1,text,false,331,57
1359052248679,55,Databank Delete Object Request,404,Not Found,Databank group 1-1,text,false,331,55
1359052249303,56,Databank Delete Object Request,404,Not Found,Databank group 1-1,text,false,331,56
1359052249740,57,Databank Delete Object Request,404,Not Found,Databank group 1-1,text,false,331,57
1359052250439,56,Databank Delete Object Request,404,Not Found,Databank group 1-1,text,false,331,56
1359052250940,59,Databank Delete Object Request,404,Not Found,Databank group 1-1,text,false,331,58
1359052251454,67,Databank Delete Object Request,404,Not Found,Databank group 1-1,text,false,331,67
1359052251852,63,Databank Delete Object Request,404,Not Found,Databank group 1-1,text,false,331,62
1359052252400,55,Databank Delete Object Request,404,Not Found,Databank group 1-1,text,false,331,54
1359052252787,58,Databank Delete Object Request,404,Not Found,Databank group 1-1,text,false,331,58
1359052253314,140,Databank Delete Object Request,404,Not Found,Databank group 1-1,text,false,295,140
1359052253997,60,Databank Delete Object Request,404,Not Found,Databank group 1-1,text,false,331,60
1359052254407,309,Databank Delete Object Request,404,Not Found,Databank group 1-1,text,false,331,309
1359052255145,56,Databank Delete Object Request,404,Not Found,Databank group 1-1,text,false,331,56
1359052255676,58,Databank Delete Object Request,404,Not Found,Databank group 1-1,text,false,331,58
1359052256262,66,Databank Delete Object Request,404,Not Found,Databank group 1-1,text,false,331,66
1359052258355,56,Databank Delete Object Request,404,Not Found,Databank group 1-1,text,false,331,56
1359052258914,56,Databank Delete Object Request,404,Not Found,Databank group 1-1,text,false,331,56
1359052260330,57,Databank Delete Object Request,404,Not Found,Databank group 1-1,text,false,331,57
1359052260799,61,Databank Delete Object Request,404,Not Found,Databank group 1-1,text,false,330,61
1359052261656,58,Databank Delete Object Request,404,Not Found,Databank group 1-1,text,false,331,58
1359052262035,55,Databank Delete Object Request,404,Not Found,Databank group 1-1,text,false,331,55
1359052262571,60,Databank Delete Object Request,404,Not Found,Databank group 1-1,text,false,331,60
1359052263049,64,Databank Delete Object Request,404,Not Found,Databank group 1-1,text,false,331,64
1359052263871,62,Databank Delete Object Request,404,Not Found,Databank group 1-1,text,false,331,62
1359052264815,68,Databank Delete Object Request,404,Not Found,Databank group 1-1,text,false,331,68
1359052265218,62,Databank Delete Object Request,404,Not Found,Databank group 1-1,text,false,331,62
1359052265611,65,Databank Delete Object Request,404,Not Found,Databank group 1-1,text,false,331,65
1359052266015,66,Databank Delete Object Request,404,Not Found,Databank group 1-1,text,false,331,66
1359052266707,58,Databank Delete Object Request,404,Not Found,Databank group 1-1,text,false,331,58
1359052267487,57,Databank Delete Object Request,404,Not Found,Databank group 1-1,text,false,330,57
1359052268005,56,Databank Delete Object Request,404,Not Found,Databank group 1-1,text,false,331,56
1359052268384,60,Databank Delete Object Request,404,Not Found,Databank group 1-1,text,false,331,60
1359052268754,59,Databank Delete Object Request,404,Not Found,Databank group 1-1,text,false,331,59
1359052269238,61,Databank Delete Object Request,404,Not Found,Databank group 1-1,text,false,331,61
1359052269696,56,Databank Delete Object Request,404,Not Found,Databank group 1-1,text,false,331,56
1359052270104,54,Databank Delete Object Request,404,Not Found,Databank group 1-1,text,false,331,54
1359052270572,62,Databank Delete Object Request,404,Not Found,Databank group 1-1,text,false,331,62
1359052271217,56,Databank Delete Object Request,404,Not Found,Databank group 1-1,text,false,331,56
1359052271996,57,Databank Delete Object Request,404,Not Found,Databank group 1-1,text,false,331,57
1359052272425,61,Databank Delete Object Request,404,Not Found,Databank group 1-1,text,false,331,61
1359052273163,57,Databank Delete Object Request,404,Not Found,Databank group 1-1,text,false,330,57
1359052273715,62,Databank Delete Object Request,404,Not Found,Databank group 1-1,text,false,331,62
1359052274301,60,Databank Delete Object Request,404,Not Found,Databank group 1-1,text,false,331,60
1359052274694,62,Databank Delete Object Request,404,Not Found,Databank group 1-1,text,false,331,62
1359052275080,56,Databank Delete Object Request,404,Not Found,Databank group 1-1,text,false,331,56
1359052275737,67,Databank Delete Object Request,404,Not Found,Databank group 1-1,text,false,331,67
1359052276216,64,Databank Delete Object Request,404,Not Found,Databank group 1-1,text,false,331,64
1359052276932,54,Databank Delete Object Request,404,Not Found,Databank group 1-1,text,false,331,54
1359052277470,63,Databank Delete Object Request,404,Not Found,Databank group 1-1,text,false,331,63
1359052278188,54,Databank Delete Object Request,404,Not Found,Databank group 1-1,text,false,331,54
1359052278739,56,Databank Delete Object Request,404,Not Found,Databank group 1-1,text,false,330,56
1359052279479,61,Databank Delete Object Request,404,Not Found,Databank group 1-1,text,false,331,61
1359052279864,54,Databank Delete Object Request,404,Not Found,Databank group 1-1,text,false,331,54
1359052280303,54,Databank Delete Object Request,404,Not Found,Databank group 1-1,text,false,331,54
1359052281030,67,Databank Delete Object Request,404,Not Found,Databank group 1-1,text,false,331,67
1359052281590,63,Databank Delete Object Request,404,Not Found,Databank group 1-1,text,false,331,63
1359052281972,62,Databank Delete Object Request,404,Not Found,Databank group 1-1,text,false,331,62
1359052282584,57,Databank Delete Object Request,404,Not Found,Databank group 1-1,text,false,331,57
1359052283029,61,Databank Delete Object Request,404,Not Found,Databank group 1-1,text,false,331,61
1359052283410,60,Databank Delete Object Request,404,Not Found,Databank group 1-1,text,false,331,60
1359052284312,61,Databank Delete Object Request,404,Not Found,Databank group 1-1,text,false,330,60
1359052284862,62,Databank Delete Object Request,404,Not Found,Databank group 1-1,text,false,331,62
1359052285263,59,Databank Delete Object Request,404,Not Found,Databank group 1-1,text,false,331,59
1359052285846,58,Databank Delete Object Request,404,Not Found,Databank group 1-1,text,false,331,58
1359052286238,62,Databank Delete Object Request,404,Not Found,Databank group 1-1,text,false,331,62
1359052286618,59,Databank Delete Object Request,404,Not Found,Databank group 1-1,text,false,331,59
1359052287508,60,Databank Delete Object Request,404,Not Found,Databank group 1-1,text,false,331,60
1359052287901,60,Databank Delete Object Request,404,Not Found,Databank group 1-1,text,false,331,60
1359052288341,67,Databank Delete Object Request,404,Not Found,Databank group 1-1,text,false,331,67
1359052289197,60,Databank Delete Object Request,404,Not Found,Databank group 1-1,text,false,331,60
1359052289724,54,Databank Delete Object Request,404,Not Found,Databank group 1-1,text,false,331,54
1359052290088,62,Databank Delete Object Request,404,Not Found,Databank group 1-1,text,false,330,62
1359052290766,65,Databank Delete Object Request,404,Not Found,Databank group 1-1,text,false,331,65
1359052291166,62,Databank Delete Object Request,404,Not Found,Databank group 1-1,text,false,331,62
1359052291750,56,Databank Delete Object Request,404,Not Found,Databank group 1-1,text,false,331,56
1359052292296,56,Databank Delete Object Request,404,Not Found,Databank group 1-1,text,false,331,56
1359052292748,57,Databank Delete Object Request,404,Not Found,Databank group 1-1,text,false,331,57
1359052293751,55,Databank Delete Object Request,404,Not Found,Databank group 1-1,text,false,331,55
1359052294207,66,Databank Delete Object Request,404,Not Found,Databank group 1-1,text,false,331,66
1359052295180,59,Databank Delete Object Request,404,Not Found,Databank group 1-1,text,false,331,59
1359052295784,71,Databank Delete Object Request,404,Not Found,Databank group 1-1,text,false,331,71
1359052296392,64,Databank Delete Object Request,404,Not Found,Databank group 1-1,text,false,330,63
1359052296790,63,Databank Delete Object Request,404,Not Found,Databank group 1-1,text,false,331,63
1359052297166,67,Databank Delete Object Request,404,Not Found,Databank group 1-1,text,false,331,67
1359052297550,62,Databank Delete Object Request,404,Not Found,Databank group 1-1,text,false,331,62
1359052298203,62,Databank Delete Object Request,404,Not Found,Databank group 1-1,text,false,331,62
1359052299129,61,Databank Delete Object Request,404,Not Found,Databank group 1-1,text,false,331,61
1359052299856,64,Databank Delete Object Request,404,Not Found,Databank group 1-1,text,false,331,64
1359052300255,60,Databank Delete Object Request,404,Not Found,Databank group 1-1,text,false,331,60
1359052300959,57,Databank Delete Object Request,404,Not Found,Databank group 1-1,text,false,331,57
1359052301567,62,Databank Delete Object Request,404,Not Found,Databank group 1-1,text,false,331,62
1359052301941,66,Databank Delete Object Request,404,Not Found,Databank group 1-1,text,false,331,66
1359052303293,63,Databank Delete Object Request,404,Not Found,Databank group 1-1,text,false,331,63
1359052303720,64,Databank Delete Object Request,404,Not Found,Databank group 1-1,text,false,331,64
1359052304216,54,Databank Delete Object Request,404,Not Found,Databank group 1-1,text,false,331,54
1359052304869,64,Databank Delete Object Request,404,Not Found,Databank group 1-1,text,false,331,64
1359052305510,58,Databank Delete Object Request,404,Not Found,Databank group 1-1,text,false,331,58
1359052305911,56,Databank Delete Object Request,404,Not Found,Databank group 1-1,text,false,331,56
1359052306346,61,Databank Delete Object Request,404,Not Found,Databank group 1-1,text,false,331,61
1359052306753,60,Databank Delete Object Request,404,Not Found,Databank group 1-1,text,false,331,60
1359052307178,60,Databank Delete Object Request,404,Not Found,Databank group 1-1,text,false,331,60
1359052308011,60,Databank Delete Object Request,404,Not Found,Databank group 1-1,text,false,331,60
1359052308484,62,Databank Delete Object Request,404,Not Found,Databank group 1-1,text,false,331,62
1359052308947,57,Databank Delete Object Request,404,Not Found,Databank group 1-1,text,false,330,57
1359052309720,120,Databank Delete Object Request,404,Not Found,Databank group 1-1,text,false,332,120
1359052310162,69,Databank Delete Object Request,404,Not Found,Databank group 1-1,text,false,331,69
1359052310394,63,Databank Delete Object Request,404,Not Found,Databank group 1-1,text,false,331,63
1359052310776,56,Databank Delete Object Request,404,Not Found,Databank group 1-1,text,false,331,56
1359052311247,55,Databank Delete Object Request,404,Not Found,Databank group 1-1,text,false,331,55
1359052312065,60,Databank Delete Object Request,404,Not Found,Databank group 1-1,text,false,331,60
1359052312592,60,Databank Delete Object Request,404,Not Found,Databank group 1-1,text,false,331,60
1359052313442,62,Databank Delete Object Request,404,Not Found,Databank group 1-1,text,false,331,62
1359052313907,55,Databank Delete Object Request,404,Not Found,Databank group 1-1,text,false,331,55
1359052314660,54,Databank Delete Object Request,404,Not Found,Databank group 1-1,text,false,331,54
1359052315140,55,Databank Delete Object Request,404,Not Found,Databank group 1-1,text,false,331,55
1359052315880,55,Databank Delete Object Request,404,Not Found,Databank group 1-1,text,false,295,55
1359052316357,65,Databank Delete Object Request,404,Not Found,Databank group 1-1,text,false,331,65
1359052316871,67,Databank Delete Object Request,404,Not Found,Databank group 1-1,text,false,331,67
1359052317473,64,Databank Delete Object Request,404,Not Found,Databank group 1-1,text,false,331,64
1359052318160,55,Databank Delete Object Request,404,Not Found,Databank group 1-1,text,false,331,55
1359052318559,54,Databank Delete Object Request,404,Not Found,Databank group 1-1,text,false,331,54
1359052319139,61,Databank Delete Object Request,404,Not Found,Databank group 1-1,text,false,331,61
1359052319523,61,Databank Delete Object Request,404,Not Found,Databank group 1-1,text,false,331,61
1359052319929,59,Databank Delete Object Request,404,Not Found,Databank group 1-1,text,false,331,59
1359052320686,55,Databank Delete Object Request,404,Not Found,Databank group 1-1,text,false,331,55
1359052321271,55,Databank Delete Object Request,404,Not Found,Databank group 1-1,text,false,330,55
1359052321653,56,Databank Delete Object Request,404,Not Found,Databank group 1-1,text,false,330,56
1359052322189,55,Databank Delete Object Request,404,Not Found,Databank group 1-1,text,false,331,55
1359052322569,56,Databank Delete Object Request,404,Not Found,Databank group 1-1,text,false,331,56
1359052323158,59,Databank Delete Object Request,404,Not Found,Databank group 1-1,text,false,331,59
1359052323610,59,Databank Delete Object Request,404,Not Found,Databank group 1-1,text,false,331,59
1359052325451,59,Databank Delete Object Request,404,Not Found,Databank group 1-1,text,false,331,59
1359052325927,56,Databank Delete Object Request,404,Not Found,Databank group 1-1,text,false,331,56
1359052326306,55,Databank Delete Object Request,404,Not Found,Databank group 1-1,text,false,331,55
1359052326685,54,Databank Delete Object Request,404,Not Found,Databank group 1-1,text,false,331,54
1359052327338,57,Databank Delete Object Request,404,Not Found,Databank group 1-1,text,false,331,57
1359052328132,58,Databank Delete Object Request,404,Not Found,Databank group 1-1,text,false,330,58
1359052328519,64,Databank Delete Object Request,404,Not Found,Databank group 1-1,text,false,331,64
1359052328999,55,Databank Delete Object Request,404,Not Found,Databank group 1-1,text,false,331,55
