1359051819366,0,Databank Create test dataset,Non HTTP response code: java.net.URISyntaxException,Non HTTP response message: Illegal character in query at index 49: http://localhost/jmeter-test/datasets?id=test-1_${nodename},Databank group 1-1,text,false,961,0
1359051819919,159,Databank Create test dataset,200,OK,Databank group 1-1,text,true,9294,123
1359051821119,98,Databank Create test dataset,200,OK,Databank group 1-1,text,true,9294,66
1359051821784,100,Databank Create test dataset,200,OK,Databank group 1-1,text,true,9294,73
1359051822471,149,Databank Create test dataset,200,OK,Databank group 1-1,text,true,9294,118
1359051823154,95,Databank Create test dataset,200,OK,Databank group 1-1,text,true,9294,70
1359051824537,117,Databank Create test dataset,200,OK,Databank group 1-1,text,true,9294,92
1359051825120,92,Databank Create test dataset,200,OK,Databank group 1-1,text,true,9294,66
1359051825519,101,Databank Create test dataset,200,OK,Databank group 1-1,text,true,9294,72
1359051826081,98,Databank Create test dataset,200,OK,Databank group 1-1,text,true,9294,72
1359051826461,104,Databank Create test dataset,200,OK,Databank group 1-1,text,true,9304,78
1359051826888,108,Databank Create test dataset,200,OK,Databank group 1-1,text,true,9302,82
1359051827274,94,Databank Create test dataset,200,OK,Databank group 1-1,text,true,9304,70
1359051893087,0,Databank Create test dataset,Non HTTP response code: java.net.URISyntaxException,Non HTTP response message: Illegal character in query at index 49: http://localhost/jmeter-test/datasets?id=test-1_${nodename},Databank group 1-1,text,false,961,0
1359051893568,278,Databank Create test dataset,200,OK,Databank group 1-1,text,true,9294,249
1359051894821,107,Databank Create test dataset,200,OK,Databank group 1-1,text,true,9294,75
1359051895386,108,Databank Create test dataset,200,OK,Databank group 1-1,text,true,9294,82
1359051895983,101,Databank Create test dataset,200,OK,Databank group 1-1,text,true,9294,72
1359051896523,98,Databank Create test dataset,200,OK,Databank group 1-1,text,true,9294,72
1359051897189,126,Databank Create test dataset,200,OK,Databank group 1-1,text,true,9294,77
1359051897756,92,Databank Create test dataset,200,OK,Databank group 1-1,text,true,9294,67
1359051898145,91,Databank Create test dataset,200,OK,Databank group 1-1,text,true,9294,66
1359051898680,103,Databank Create test dataset,200,OK,Databank group 1-1,text,true,9294,77
1359051899088,203,Databank Create test dataset,200,OK,Databank group 1-1,text,true,9304,83
1359051899599,104,Databank Create test dataset,200,OK,Databank group 1-1,text,true,9302,73
1359051900024,97,Databank Create test dataset,200,OK,Databank group 1-1,text,true,9304,67
1359051900424,95,Databank Create test dataset,200,OK,Databank group 1-1,text,true,9304,65
1359051901183,92,Databank Create test dataset,200,OK,Databank group 1-1,text,true,9304,66
1359051901558,91,Databank Create test dataset,200,OK,Databank group 1-1,text,true,9304,66
1359051902085,96,Databank Create test dataset,200,OK,Databank group 1-1,text,true,9304,70
1359051902822,101,Databank Create test dataset,200,OK,Databank group 1-1,text,true,9304,74
1359051903417,93,Databank Create test dataset,200,OK,Databank group 1-1,text,true,9304,67
1359051903842,92,Databank Create test dataset,200,OK,Databank group 1-1,text,true,9304,67
1359051905197,119,Databank Create test dataset,200,OK,Databank group 1-1,text,true,9302,92
1359051905608,95,Databank Create test dataset,200,OK,Databank group 1-1,text,true,9269,66
1359051906180,103,Databank Create test dataset,200,OK,Databank group 1-1,text,true,9304,73
1359051906563,96,Databank Create test dataset,200,OK,Databank group 1-1,text,true,9304,66
1359051907030,105,Databank Create test dataset,200,OK,Databank group 1-1,text,true,9304,75
1359051907766,93,Databank Create test dataset,200,OK,Databank group 1-1,text,true,9304,66
1359051908212,93,Databank Create test dataset,200,OK,Databank group 1-1,text,true,9304,68
1359051908979,97,Databank Create test dataset,200,OK,Databank group 1-1,text,true,9304,70
1359051909472,95,Databank Create test dataset,200,OK,Databank group 1-1,text,true,9304,70
1359051909834,96,Databank Create test dataset,200,OK,Databank group 1-1,text,true,9304,70
1359051910202,94,Databank Create test dataset,200,OK,Databank group 1-1,text,true,9304,69
1359051910755,97,Databank Create test dataset,200,OK,Databank group 1-1,text,true,9302,71
1359051911810,100,Databank Create test dataset,200,OK,Databank group 1-1,text,true,9304,74
1359051912560,99,Databank Create test dataset,200,OK,Databank group 1-1,text,true,9304,72
1359051913052,93,Databank Create test dataset,200,OK,Databank group 1-1,text,true,9304,69
1359051913790,157,Databank Create test dataset,200,OK,Databank group 1-1,text,true,9304,132
1359051914256,96,Databank Create test dataset,200,OK,Databank group 1-1,text,true,9304,66
1359051914636,99,Databank Create test dataset,200,OK,Databank group 1-1,text,true,9304,73
1359051915203,91,Databank Create test dataset,200,OK,Databank group 1-1,text,true,9304,66
1359051916043,97,Databank Create test dataset,200,OK,Databank group 1-1,text,true,9304,71
1359051916951,106,Databank Create test dataset,200,OK,Databank group 1-1,text,true,9302,79
1359051917346,97,Databank Create test dataset,200,OK,Databank group 1-1,text,true,9304,72
1359051917844,100,Databank Create test dataset,200,OK,Databank group 1-1,text,true,9304,74
1359051918239,96,Databank Create test dataset,200,OK,Databank group 1-1,text,true,9304,70
1359051918801,236,Databank Create test dataset,200,OK,Databank group 1-1,text,true,9304,210
1359051919557,91,Databank Create test dataset,200,OK,Databank group 1-1,text,true,9304,65
1359051920001,101,Databank Create test dataset,200,OK,Databank group 1-1,text,true,9304,67
1359051920812,93,Databank Create test dataset,200,OK,Databank group 1-1,text,true,9304,68
1359051921188,97,Databank Create test dataset,200,OK,Databank group 1-1,text,true,9304,72
1359051921609,92,Databank Create test dataset,200,OK,Databank group 1-1,text,true,9304,65
1359051921968,95,Databank Create test dataset,200,OK,Databank group 1-1,text,true,9304,70
1359051922516,96,Databank Create test dataset,200,OK,Databank group 1-1,text,true,9302,71
1359051923527,850,Databank Create test dataset,200,OK,Databank group 1-1,text,true,9304,822
1359051924872,93,Databank Create test dataset,200,OK,Databank group 1-1,text,true,9304,67
1359051925243,99,Databank Create test dataset,200,OK,Databank group 1-1,text,true,9304,74
1359051942434,0,Databank Create test dataset,Non HTTP response code: java.net.URISyntaxException,Non HTTP response message: Illegal character in query at index 49: http://localhost/jmeter-test/datasets?id=test-1_${nodename},Databank group 1-1,text,false,961,0
1359051942924,113,Databank Create test dataset,200,OK,Databank group 1-1,text,true,9294,83
1359051943923,102,Databank Create test dataset,200,OK,Databank group 1-1,text,true,9294,74
1359051944537,108,Databank Create test dataset,200,OK,Databank group 1-1,text,true,9294,82
1359051945224,135,Databank Create test dataset,200,OK,Databank group 1-1,text,true,9294,99
1359051945984,94,Databank Create test dataset,200,OK,Databank group 1-1,text,true,9294,64
1359051946705,107,Databank Create test dataset,200,OK,Databank group 1-1,text,true,9294,69
1359051947330,97,Databank Create test dataset,200,OK,Databank group 1-1,text,true,9294,72
1359051947725,97,Databank Create test dataset,200,OK,Databank group 1-1,text,true,9294,71
1359051948282,113,Databank Create test dataset,200,OK,Databank group 1-1,text,true,9294,89
1359051948769,91,Databank Create test dataset,200,OK,Databank group 1-1,text,true,9304,66
1359051949154,93,Databank Create test dataset,200,OK,Databank group 1-1,text,true,9302,68
1359051949542,96,Databank Create test dataset,200,OK,Databank group 1-1,text,true,9304,70
1359051949933,101,Databank Create test dataset,200,OK,Databank group 1-1,text,true,9304,75
1359051950683,97,Databank Create test dataset,200,OK,Databank group 1-1,text,true,9304,71
1359051951076,100,Databank Create test dataset,200,OK,Databank group 1-1,text,true,9304,74
1359051951611,264,Databank Create test dataset,200,OK,Databank group 1-1,text,true,9304,238
1359051952505,100,Databank Create test dataset,200,OK,Databank group 1-1,text,true,9304,68
1359051953088,97,Databank Create test dataset,200,OK,Databank group 1-1,text,true,9304,70
1359051953459,94,Databank Create test dataset,200,OK,Databank group 1-1,text,true,9304,68
1359051955093,110,Databank Create test dataset,200,OK,Databank group 1-1,text,true,9302,85
1359051955482,171,Databank Create test dataset,200,OK,Databank group 1-1,text,true,9269,145
1359051956128,95,Databank Create test dataset,200,OK,Databank group 1-1,text,true,9304,71
1359051956508,107,Databank Create test dataset,200,OK,Databank group 1-1,text,true,9304,71
1359051956983,95,Databank Create test dataset,200,OK,Databank group 1-1,text,true,9304,68
1359051957749,106,Databank Create test dataset,200,OK,Databank group 1-1,text,true,9304,80
1359051958193,90,Databank Create test dataset,200,OK,Databank group 1-1,text,true,9304,65
1359051959044,108,Databank Create test dataset,200,OK,Databank group 1-1,text,true,9304,80
1359051959504,106,Databank Create test dataset,200,OK,Databank group 1-1,text,true,9304,81
1359051959885,104,Databank Create test dataset,200,OK,Databank group 1-1,text,true,9304,77
1359051960319,98,Databank Create test dataset,200,OK,Databank group 1-1,text,true,9304,72
1359051960880,90,Databank Create test dataset,200,OK,Databank group 1-1,text,true,9302,64
1359051962075,99,Databank Create test dataset,200,OK,Databank group 1-1,text,true,9304,66
1359051962807,106,Databank Create test dataset,200,OK,Databank group 1-1,text,true,9304,77
1359051963204,91,Databank Create test dataset,200,OK,Databank group 1-1,text,true,9304,66
1359051963946,104,Databank Create test dataset,200,OK,Databank group 1-1,text,true,9304,75
1359051964348,104,Databank Create test dataset,200,OK,Databank group 1-1,text,true,9304,70
1359051964738,121,Databank Create test dataset,200,OK,Databank group 1-1,text,true,9304,92
1359051965345,94,Databank Create test dataset,200,OK,Databank group 1-1,text,true,9304,69
1359051966188,92,Databank Create test dataset,200,OK,Databank group 1-1,text,true,9304,66
1359051967112,95,Databank Create test dataset,200,OK,Databank group 1-1,text,true,9302,70
1359051967477,91,Databank Create test dataset,200,OK,Databank group 1-1,text,true,9304,65
1359051967986,95,Databank Create test dataset,200,OK,Databank group 1-1,text,true,9304,68
1359051968399,98,Databank Create test dataset,200,OK,Databank group 1-1,text,true,9304,73
1359051968904,93,Databank Create test dataset,200,OK,Databank group 1-1,text,true,9304,67
1359051969508,94,Databank Create test dataset,200,OK,Databank group 1-1,text,true,9304,66
1359051969987,94,Databank Create test dataset,200,OK,Databank group 1-1,text,true,9304,69
1359051970705,90,Databank Create test dataset,200,OK,Databank group 1-1,text,true,9304,66
1359051971150,93,Databank Create test dataset,200,OK,Databank group 1-1,text,true,9304,67
1359051971576,117,Databank Create test dataset,200,OK,Databank group 1-1,text,true,9304,81
1359051971961,93,Databank Create test dataset,200,OK,Databank group 1-1,text,true,9304,68
1359051972492,98,Databank Create test dataset,200,OK,Databank group 1-1,text,true,9302,73
1359051973550,117,Databank Create test dataset,200,OK,Databank group 1-1,text,true,9304,90
1359051974140,97,Databank Create test dataset,200,OK,Databank group 1-1,text,true,9304,71
1359051974521,96,Databank Create test dataset,200,OK,Databank group 1-1,text,true,9304,70
1359051974918,95,Databank Create test dataset,200,OK,Databank group 1-1,text,true,9304,70
1359051975311,94,Databank Create test dataset,200,OK,Databank group 1-1,text,true,9304,68
1359051975721,103,Databank Create test dataset,200,OK,Databank group 1-1,text,true,9304,76
1359051976340,100,Databank Create test dataset,200,OK,Databank group 1-1,text,true,9304,74
1359051976782,95,Databank Create test dataset,200,OK,Databank group 1-1,text,true,9304,70
1359051977383,95,Databank Create test dataset,200,OK,Databank group 1-1,text,true,9304,70
1359051977923,93,Databank Create test dataset,200,OK,Databank group 1-1,text,true,9304,66
1359051978295,110,Databank Create test dataset,200,OK,Databank group 1-1,text,true,9302,84
1359051978941,97,Databank Create test dataset,200,OK,Databank group 1-1,text,true,9304,72
1359051979600,93,Databank Create test dataset,200,OK,Databank group 1-1,text,true,9304,68
1359051979984,91,Databank Create test dataset,200,OK,Databank group 1-1,text,true,9304,64
1359051980521,99,Databank Create test dataset,200,OK,Databank group 1-1,text,true,9304,73
1359051982072,89,Databank Create test dataset,200,OK,Databank group 1-1,text,true,9304,64
1359051982821,102,Databank Create test dataset,200,OK,Databank group 1-1,text,true,9304,77
1359051983228,92,Databank Create test dataset,200,OK,Databank group 1-1,text,true,9304,66
1359051983601,146,Databank Create test dataset,200,OK,Databank group 1-1,text,true,9304,120
1359051984971,102,Databank Create test dataset,200,OK,Databank group 1-1,text,true,9302,75
1359051985519,97,Databank Create test dataset,200,OK,Databank group 1-1,text,true,9304,71
1359051986064,93,Databank Create test dataset,200,OK,Databank group 1-1,text,true,9304,68
1359051986439,92,Databank Create test dataset,200,OK,Databank group 1-1,text,true,9304,66
1359051987014,104,Databank Create test dataset,200,OK,Databank group 1-1,text,true,9304,74
1359051987456,173,Databank Create test dataset,200,OK,Databank group 1-1,text,true,9304,71
1359051987902,94,Databank Create test dataset,200,OK,Databank group 1-1,text,true,9304,65
1359051988281,99,Databank Create test dataset,200,OK,Databank group 1-1,text,true,9304,67
1359051988660,99,Databank Create test dataset,200,OK,Databank group 1-1,text,true,9304,68
1359051989214,96,Databank Create test dataset,200,OK,Databank group 1-1,text,true,9304,71
1359051989777,93,Databank Create test dataset,200,OK,Databank group 1-1,text,true,9302,68
1359051990263,95,Databank Create test dataset,200,OK,Databank group 1-1,text,true,9267,70
1359051990640,102,Databank Create test dataset,200,OK,Databank group 1-1,text,true,9304,75
1359051991093,94,Databank Create test dataset,200,OK,Databank group 1-1,text,true,9304,69
1359051992232,92,Databank Create test dataset,200,OK,Databank group 1-1,text,true,9304,65
1359051992950,98,Databank Create test dataset,200,OK,Databank group 1-1,text,true,9304,73
1359051993498,112,Databank Create test dataset,200,OK,Databank group 1-1,text,true,9304,79
1359051994169,107,Databank Create test dataset,200,OK,Databank group 1-1,text,true,9304,82
1359051994550,100,Databank Create test dataset,200,OK,Databank group 1-1,text,true,9304,74
1359051994954,108,Databank Create test dataset,200,OK,Databank group 1-1,text,true,9304,81
1359051995410,102,Databank Create test dataset,200,OK,Databank group 1-1,text,true,9304,77
1359051995970,93,Databank Create test dataset,200,OK,Databank group 1-1,text,true,9302,67
1359051996664,96,Databank Create test dataset,200,OK,Databank group 1-1,text,true,9304,69
1359051997066,93,Databank Create test dataset,200,OK,Databank group 1-1,text,true,9304,67
1359051997684,111,Databank Create test dataset,200,OK,Databank group 1-1,text,true,9304,86
1359051998179,105,Databank Create test dataset,200,OK,Databank group 1-1,text,true,9304,78
1359051998550,170,Databank Create test dataset,200,OK,Databank group 1-1,text,true,9304,141
1359051999336,103,Databank Create test dataset,200,OK,Databank group 1-1,text,true,9304,77
1359052001430,97,Databank Create test dataset,200,OK,Databank group 1-1,text,true,9304,67
1359052001809,102,Databank Create test dataset,200,OK,Databank group 1-1,text,true,9314,70
1359052002567,102,Databank Create test dataset,200,OK,Databank group 1-1,text,true,9312,76
1359052002951,96,Databank Create test dataset,200,OK,Databank group 1-1,text,true,9277,70
1359052004915,99,Databank Create test dataset,200,OK,Databank group 1-1,text,true,9314,73
1359052005605,90,Databank Create test dataset,200,OK,Databank group 1-1,text,true,9314,65
1359052006112,98,Databank Create test dataset,200,OK,Databank group 1-1,text,true,9314,72
1359052006482,94,Databank Create test dataset,200,OK,Databank group 1-1,text,true,9314,70
1359052007169,105,Databank Create test dataset,200,OK,Databank group 1-1,text,true,9314,74
1359052007541,96,Databank Create test dataset,200,OK,Databank group 1-1,text,true,9314,71
1359052007897,98,Databank Create test dataset,200,OK,Databank group 1-1,text,true,9314,71
1359052008258,187,Databank Create test dataset,200,OK,Databank group 1-1,text,true,9314,162
1359052008777,97,Databank Create test dataset,200,OK,Databank group 1-1,text,true,9314,72
1359052009144,98,Databank Create test dataset,200,OK,Databank group 1-1,text,true,9312,72
1359052009983,174,Databank Create test dataset,200,OK,Databank group 1-1,text,true,9314,147
1359052010461,96,Databank Create test dataset,200,OK,Databank group 1-1,text,true,9314,70
1359052011476,91,Databank Create test dataset,200,OK,Databank group 1-1,text,true,9314,66
1359052011851,125,Databank Create test dataset,200,OK,Databank group 1-1,text,true,9314,100
1359052012243,95,Databank Create test dataset,200,OK,Databank group 1-1,text,true,9314,69
1359052012609,89,Databank Create test dataset,200,OK,Databank group 1-1,text,true,9314,64
1359052013096,90,Databank Create test dataset,200,OK,Databank group 1-1,text,true,9314,66
1359052013932,94,Databank Create test dataset,200,OK,Databank group 1-1,text,true,9314,69
1359052014315,92,Databank Create test dataset,200,OK,Databank group 1-1,text,true,9314,66
1359052017662,115,Databank Create test dataset,200,OK,Databank group 1-1,text,true,9312,77
1359052018033,97,Databank Create test dataset,200,OK,Databank group 1-1,text,true,9315,69
1359052018415,92,Databank Create test dataset,200,OK,Databank group 1-1,text,true,9314,68
1359052018818,92,Databank Create test dataset,200,OK,Databank group 1-1,text,true,9314,67
1359052019330,98,Databank Create test dataset,200,OK,Databank group 1-1,text,true,9314,70
1359052019772,98,Databank Create test dataset,200,OK,Databank group 1-1,text,true,9314,70
1359052020137,96,Databank Create test dataset,200,OK,Databank group 1-1,text,true,9314,71
1359052020499,99,Databank Create test dataset,200,OK,Databank group 1-1,text,true,9314,73
1359052021128,98,Databank Create test dataset,200,OK,Databank group 1-1,text,true,9314,72
1359052021513,93,Databank Create test dataset,200,OK,Databank group 1-1,text,true,9314,68
1359052022519,253,Databank Create test dataset,200,OK,Databank group 1-1,text,true,9314,226
1359052023045,218,Databank Create test dataset,200,OK,Databank group 1-1,text,true,9314,191
1359052023694,399,Databank Create test dataset,200,OK,Databank group 1-1,text,true,9279,372
1359052024449,98,Databank Create test dataset,200,OK,Databank group 1-1,text,true,9314,73
1359052024849,96,Databank Create test dataset,200,OK,Databank group 1-1,text,true,9314,71
1359052025234,92,Databank Create test dataset,200,OK,Databank group 1-1,text,true,9314,67
1359052025659,91,Databank Create test dataset,200,OK,Databank group 1-1,text,true,9314,65
1359052026184,103,Databank Create test dataset,200,OK,Databank group 1-1,text,true,9314,74
1359052026553,98,Databank Create test dataset,200,OK,Databank group 1-1,text,true,9314,70
1359052027067,97,Databank Create test dataset,200,OK,Databank group 1-1,text,true,9314,72
1359052027651,100,Databank Create test dataset,200,OK,Databank group 1-1,text,true,9314,69
1359052028090,109,Databank Create test dataset,200,OK,Databank group 1-1,text,true,9314,78
1359052028476,98,Databank Create test dataset,200,OK,Databank group 1-1,text,true,9314,67
1359052029283,97,Databank Create test dataset,200,OK,Databank group 1-1,text,true,9314,72
1359052029659,94,Databank Create test dataset,200,OK,Databank group 1-1,text,true,9314,68
1359052030189,110,Databank Create test dataset,200,OK,Databank group 1-1,text,true,9314,77
1359052030555,101,Databank Create test dataset,200,OK,Databank group 1-1,text,true,9314,73
1359052031206,103,Databank Create test dataset,200,OK,Databank group 1-1,text,true,9314,74
1359052031836,97,Databank Create test dataset,200,OK,Databank group 1-1,text,true,9314,67
1359052032706,97,Databank Create test dataset,200,OK,Databank group 1-1,text,true,9314,71
1359052033079,93,Databank Create test dataset,200,OK,Databank group 1-1,text,true,9314,67
1359052033708,223,Databank Create test dataset,200,OK,Databank group 1-1,text,true,9314,197
1359052034209,96,Databank Create test dataset,200,OK,Databank group 1-1,text,true,9314,66
1359052034676,113,Databank Create test dataset,200,OK,Databank group 1-1,text,true,9312,87
1359052035296,97,Databank Create test dataset,200,OK,Databank group 1-1,text,true,9314,72
1359052035681,95,Databank Create test dataset,200,OK,Databank group 1-1,text,true,9314,69
1359052036066,115,Databank Create test dataset,200,OK,Databank group 1-1,text,true,9314,85
1359052036618,94,Databank Create test dataset,200,OK,Databank group 1-1,text,true,9314,68
1359052036978,97,Databank Create test dataset,200,OK,Databank group 1-1,text,true,9314,70
1359052037367,211,Databank Create test dataset,200,OK,Databank group 1-1,text,true,9314,185
1359052037997,98,Databank Create test dataset,200,OK,Databank group 1-1,text,true,9314,70
1359052038570,104,Databank Create test dataset,200,OK,Databank group 1-1,text,true,9314,78
1359052039073,105,Databank Create test dataset,200,OK,Databank group 1-1,text,true,9314,79
1359052039475,105,Databank Create test dataset,200,OK,Databank group 1-1,text,true,9314,78
1359052040029,99,Databank Create test dataset,200,OK,Databank group 1-1,text,true,9312,73
1359052040496,92,Databank Create test dataset,200,OK,Databank group 1-1,text,true,9314,66
1359052041069,98,Databank Create test dataset,200,OK,Databank group 1-1,text,true,9314,73
1359052041829,107,Databank Create test dataset,200,OK,Databank group 1-1,text,true,9314,79
1359052042371,117,Databank Create test dataset,200,OK,Databank group 1-1,text,true,9314,90
1359052042754,90,Databank Create test dataset,200,OK,Databank group 1-1,text,true,9314,65
1359052043125,95,Databank Create test dataset,200,OK,Databank group 1-1,text,true,9314,67
1359052043650,545,Databank Create test dataset,200,OK,Databank group 1-1,text,true,9314,75
1359052044494,99,Databank Create test dataset,200,OK,Databank group 1-1,text,true,9314,71
1359052044961,91,Databank Create test dataset,200,OK,Databank group 1-1,text,true,9314,65
1359052045325,91,Databank Create test dataset,200,OK,Databank group 1-1,text,true,9314,65
1359052045853,100,Databank Create test dataset,200,OK,Databank group 1-1,text,true,9312,74
1359052046877,106,Databank Create test dataset,200,OK,Databank group 1-1,text,true,9314,80
1359052047469,97,Databank Create test dataset,200,OK,Databank group 1-1,text,true,9314,71
1359052048334,100,Databank Create test dataset,200,OK,Databank group 1-1,text,true,9314,74
1359052048770,152,Databank Create test dataset,200,OK,Databank group 1-1,text,true,9314,126
1359052049608,105,Databank Create test dataset,200,OK,Databank group 1-1,text,true,9314,79
1359052050130,105,Databank Create test dataset,200,OK,Databank group 1-1,text,true,9314,71
1359052050511,94,Databank Create test dataset,200,OK,Databank group 1-1,text,true,9314,69
1359052051772,101,Databank Create test dataset,200,OK,Databank group 1-1,text,true,9314,71
1359052053727,327,Databank Create test dataset,200,OK,Databank group 1-1,text,true,9314,300
1359052054505,97,Databank Create test dataset,200,OK,Databank group 1-1,text,true,9314,66
1359052055038,100,Databank Create test dataset,200,OK,Databank group 1-1,text,true,9314,71
1359052055395,105,Databank Create test dataset,200,OK,Databank group 1-1,text,true,9314,70
1359052055766,105,Databank Create test dataset,200,OK,Databank group 1-1,text,true,9314,76
1359052056341,92,Databank Create test dataset,200,OK,Databank group 1-1,text,true,9314,67
1359052056862,94,Databank Create test dataset,200,OK,Databank group 1-1,text,true,9314,68
1359052057229,107,Databank Create test dataset,200,OK,Databank group 1-1,text,true,9314,75
1359052058014,96,Databank Create test dataset,200,OK,Databank group 1-1,text,true,9314,71
1359052059437,100,Databank Create test dataset,200,OK,Databank group 1-1,text,true,9277,73
1359052059891,93,Databank Create test dataset,200,OK,Databank group 1-1,text,true,9314,67
1359052060273,105,Databank Create test dataset,200,OK,Databank group 1-1,text,true,9314,79
1359052060802,94,Databank Create test dataset,200,OK,Databank group 1-1,text,true,9314,65
1359052061502,94,Databank Create test dataset,200,OK,Databank group 1-1,text,true,9314,68
1359052061890,95,Databank Create test dataset,200,OK,Databank group 1-1,text,true,9314,69
1359052062417,106,Databank Create test dataset,200,OK,Databank group 1-1,text,true,9314,76
1359052062786,105,Databank Create test dataset,200,OK,Databank group 1-1,text,true,9314,80
1359052063161,91,Databank Create test dataset,200,OK,Databank group 1-1,text,true,9314,66
1359052063621,94,Databank Create test dataset,200,OK,Databank group 1-1,text,true,9314,67
1359052064252,108,Databank Create test dataset,200,OK,Databank group 1-1,text,true,9312,71
1359052064631,93,Databank Create test dataset,200,OK,Databank group 1-1,text,true,9315,66
1359052065172,92,Databank Create test dataset,200,OK,Databank group 1-1,text,true,9314,66
1359052065548,93,Databank Create test dataset,200,OK,Databank group 1-1,text,true,9314,69
1359052065903,90,Databank Create test dataset,200,OK,Databank group 1-1,text,true,9314,64
1359052066259,94,Databank Create test dataset,200,OK,Databank group 1-1,text,true,9314,67
1359052066625,100,Databank Create test dataset,200,OK,Databank group 1-1,text,true,9314,73
1359052067166,98,Databank Create test dataset,200,OK,Databank group 1-1,text,true,9314,73
1359052067768,96,Databank Create test dataset,200,OK,Databank group 1-1,text,true,9314,71
1359052068298,104,Databank Create test dataset,200,OK,Databank group 1-1,text,true,9314,79
1359052069065,99,Databank Create test dataset,200,OK,Databank group 1-1,text,true,9314,74
1359052069443,97,Databank Create test dataset,200,OK,Databank group 1-1,text,true,9312,72
1359052070017,96,Databank Create test dataset,200,OK,Databank group 1-1,text,true,9314,70
1359052070479,96,Databank Create test dataset,200,OK,Databank group 1-1,text,true,9314,70
1359052070843,98,Databank Create test dataset,200,OK,Databank group 1-1,text,true,9314,72
1359052071377,93,Databank Create test dataset,200,OK,Databank group 1-1,text,true,9314,68
1359052072480,143,Databank Create test dataset,200,OK,Databank group 1-1,text,true,9314,117
1359052073060,106,Databank Create test dataset,200,OK,Databank group 1-1,text,true,9314,79
1359052073598,92,Databank Create test dataset,200,OK,Databank group 1-1,text,true,9314,67
1359052074098,101,Databank Create test dataset,200,OK,Databank group 1-1,text,true,9314,73
1359052074480,95,Databank Create test dataset,200,OK,Databank group 1-1,text,true,9314,69
1359052074852,93,Databank Create test dataset,200,OK,Databank group 1-1,text,true,9312,66
1359052075521,105,Databank Create test dataset,200,OK,Databank group 1-1,text,true,9314,79
1359052076291,104,Databank Create test dataset,200,OK,Databank group 1-1,text,true,9314,72
1359052076659,105,Databank Create test dataset,200,OK,Databank group 1-1,text,true,9314,71
1359052077021,99,Databank Create test dataset,200,OK,Databank group 1-1,text,true,9314,69
1359052077398,97,Databank Create test dataset,200,OK,Databank group 1-1,text,true,9314,67
1359052077974,92,Databank Create test dataset,200,OK,Databank group 1-1,text,true,9314,67
1359052078374,97,Databank Create test dataset,200,OK,Databank group 1-1,text,true,9314,71
1359052079071,103,Databank Create test dataset,200,OK,Databank group 1-1,text,true,9314,77
1359052079699,93,Databank Create test dataset,200,OK,Databank group 1-1,text,true,9314,68
1359052080074,92,Databank Create test dataset,200,OK,Databank group 1-1,text,true,9312,66
1359052080523,260,Databank Create test dataset,200,OK,Databank group 1-1,text,true,9314,233
1359052081164,90,Databank Create test dataset,200,OK,Databank group 1-1,text,true,9314,66
1359052081884,93,Databank Create test dataset,200,OK,Databank group 1-1,text,true,9314,66
1359052082267,93,Databank Create test dataset,200,OK,Databank group 1-1,text,true,9314,66
1359052083130,103,Databank Create test dataset,200,OK,Databank group 1-1,text,true,9314,78
1359052083881,280,Databank Create test dataset,200,OK,Databank group 1-1,text,true,9314,254
1359052084521,100,Databank Create test dataset,200,OK,Databank group 1-1,text,true,9314,73
1359052084889,173,Databank Create test dataset,200,OK,Databank group 1-1,text,true,9314,73
1359052085330,102,Databank Create test dataset,200,OK,Databank group 1-1,text,true,9314,76
1359052085742,103,Databank Create test dataset,200,OK,Databank group 1-1,text,true,9314,78
1359052086399,102,Databank Create test dataset,200,OK,Databank group 1-1,text,true,9312,64
1359052086785,94,Databank Create test dataset,200,OK,Databank group 1-1,text,true,9314,68
1359052087489,112,Databank Create test dataset,200,OK,Databank group 1-1,text,true,9314,86
1359052087879,92,Databank Create test dataset,200,OK,Databank group 1-1,text,true,9314,68
1359052088439,106,Databank Create test dataset,200,OK,Databank group 1-1,text,true,9314,79
1359052089243,97,Databank Create test dataset,200,OK,Databank group 1-1,text,true,9314,67
1359052089609,97,Databank Create test dataset,200,OK,Databank group 1-1,text,true,9314,67
1359052090020,98,Databank Create test dataset,200,OK,Databank group 1-1,text,true,9314,67
1359052090443,99,Databank Create test dataset,200,OK,Databank group 1-1,text,true,9314,73
1359052091371,95,Databank Create test dataset,200,OK,Databank group 1-1,text,true,9314,70
1359052091746,97,Databank Create test dataset,200,OK,Databank group 1-1,text,true,9312,67
1359052092159,91,Databank Create test dataset,200,OK,Databank group 1-1,text,true,9277,66
1359052092540,216,Databank Create test dataset,200,OK,Databank group 1-1,text,true,9314,190
1359052093028,91,Databank Create test dataset,200,OK,Databank group 1-1,text,true,9314,65
1359052095446,92,Databank Create test dataset,200,OK,Databank group 1-1,text,true,9314,67
1359052095815,96,Databank Create test dataset,200,OK,Databank group 1-1,text,true,9314,71
1359052096181,98,Databank Create test dataset,200,OK,Databank group 1-1,text,true,9314,71
1359052097222,91,Databank Create test dataset,200,OK,Databank group 1-1,text,true,9314,66
1359052097673,93,Databank Create test dataset,200,OK,Databank group 1-1,text,true,9314,68
1359052098032,100,Databank Create test dataset,200,OK,Databank group 1-1,text,true,9314,75
1359052098745,119,Databank Create test dataset,200,OK,Databank group 1-1,text,true,9314,92
1359052099136,92,Databank Create test dataset,200,OK,Databank group 1-1,text,true,9312,67
1359052099770,92,Databank Create test dataset,200,OK,Databank group 1-1,text,true,9314,66
1359052100142,91,Databank Create test dataset,200,OK,Databank group 1-1,text,true,9314,66
1359052100549,96,Databank Create test dataset,200,OK,Databank group 1-1,text,true,9314,70
1359052101059,95,Databank Create test dataset,200,OK,Databank group 1-1,text,true,9314,68
1359052101433,98,Databank Create test dataset,200,OK,Databank group 1-1,text,true,9314,73
1359052102026,107,Databank Create test dataset,200,OK,Databank group 1-1,text,true,9314,80
1359052102393,103,Databank Create test dataset,200,OK,Databank group 1-1,text,true,9314,78
1359052102809,102,Databank Create test dataset,200,OK,Databank group 1-1,text,true,9314,73
1359052103260,99,Databank Create test dataset,200,OK,Databank group 1-1,text,true,9314,73
1359052103720,377,Databank Create test dataset,200,OK,Databank group 1-1,text,true,9314,347
1359052104358,107,Databank Create test dataset,200,OK,Databank group 1-1,text,true,9314,81
1359052104756,98,Databank Create test dataset,200,OK,Databank group 1-1,text,true,9312,71
1359052105163,102,Databank Create test dataset,200,OK,Databank group 1-1,text,true,9314,76
1359052105543,96,Databank Create test dataset,200,OK,Databank group 1-1,text,true,9314,71
1359052106121,94,Databank Create test dataset,200,OK,Databank group 1-1,text,true,9314,69
1359052106486,93,Databank Create test dataset,200,OK,Databank group 1-1,text,true,9314,67
1359052106897,94,Databank Create test dataset,200,OK,Databank group 1-1,text,true,9314,69
1359052107704,168,Databank Create test dataset,200,OK,Databank group 1-1,text,true,9314,143
1359052108140,94,Databank Create test dataset,200,OK,Databank group 1-1,text,true,9314,69
1359052108501,103,Databank Create test dataset,200,OK,Databank group 1-1,text,true,9314,77
1359052108884,96,Databank Create test dataset,200,OK,Databank group 1-1,text,true,9314,72
1359052109255,101,Databank Create test dataset,200,OK,Databank group 1-1,text,true,9314,76
1359052109880,91,Databank Create test dataset,200,OK,Databank group 1-1,text,true,9312,65
1359052110249,98,Databank Create test dataset,200,OK,Databank group 1-1,text,true,9314,73
1359052110861,101,Databank Create test dataset,200,OK,Databank group 1-1,text,true,9314,74
1359052111463,96,Databank Create test dataset,200,OK,Databank group 1-1,text,true,9314,70
1359052111838,90,Databank Create test dataset,200,OK,Databank group 1-1,text,true,9314,65
1359052112471,97,Databank Create test dataset,200,OK,Databank group 1-1,text,true,9314,71
1359052112971,94,Databank Create test dataset,200,OK,Databank group 1-1,text,true,9314,69
1359052113445,94,Databank Create test dataset,200,OK,Databank group 1-1,text,true,9314,68
1359052114588,102,Databank Create test dataset,200,OK,Databank group 1-1,text,true,9314,76
1359052115621,93,Databank Create test dataset,200,OK,Databank group 1-1,text,true,9312,67
1359052115986,97,Databank Create test dataset,200,OK,Databank group 1-1,text,true,9277,71
1359052116739,99,Databank Create test dataset,200,OK,Databank group 1-1,text,true,9314,74
1359052117111,96,Databank Create test dataset,200,OK,Databank group 1-1,text,true,9314,71
1359052117520,142,Databank Create test dataset,200,OK,Databank group 1-1,text,true,9314,72
1359052117967,104,Databank Create test dataset,200,OK,Databank group 1-1,text,true,9314,77
1359052118333,104,Databank Create test dataset,200,OK,Databank group 1-1,text,true,9314,73
1359052119328,98,Databank Create test dataset,200,OK,Databank group 1-1,text,true,9314,72
1359052119706,93,Databank Create test dataset,200,OK,Databank group 1-1,text,true,9314,68
1359052120125,98,Databank Create test dataset,200,OK,Databank group 1-1,text,true,9314,72
1359052120669,92,Databank Create test dataset,200,OK,Databank group 1-1,text,true,9314,68
1359052121447,103,Databank Create test dataset,200,OK,Databank group 1-1,text,true,9312,78
1359052122040,97,Databank Create test dataset,200,OK,Databank group 1-1,text,true,9314,72
1359052122576,101,Databank Create test dataset,200,OK,Databank group 1-1,text,true,9314,76
1359052123113,98,Databank Create test dataset,200,OK,Databank group 1-1,text,true,9314,72
1359052124269,98,Databank Create test dataset,200,OK,Databank group 1-1,text,true,9314,73
1359052124859,97,Databank Create test dataset,200,OK,Databank group 1-1,text,true,9314,71
1359052125260,95,Databank Create test dataset,200,OK,Databank group 1-1,text,true,9314,70
1359052125892,95,Databank Create test dataset,200,OK,Databank group 1-1,text,true,9314,71
1359052126444,94,Databank Create test dataset,200,OK,Databank group 1-1,text,true,9314,68
1359052127141,109,Databank Create test dataset,200,OK,Databank group 1-1,text,true,9314,74
1359052127684,105,Databank Create test dataset,200,OK,Databank group 1-1,text,true,9277,78
1359052128208,98,Databank Create test dataset,200,OK,Databank group 1-1,text,true,9314,74
1359052128600,97,Databank Create test dataset,200,OK,Databank group 1-1,text,true,9314,71
1359052129288,100,Databank Create test dataset,200,OK,Databank group 1-1,text,true,9314,72
1359052129678,102,Databank Create test dataset,200,OK,Databank group 1-1,text,true,9314,71
1359052130243,97,Databank Create test dataset,200,OK,Databank group 1-1,text,true,9314,67
1359052130789,95,Databank Create test dataset,200,OK,Databank group 1-1,text,true,9314,70
1359052131326,95,Databank Create test dataset,200,OK,Databank group 1-1,text,true,9314,70
1359052131698,92,Databank Create test dataset,200,OK,Databank group 1-1,text,true,9314,67
1359052132079,92,Databank Create test dataset,200,OK,Databank group 1-1,text,true,9314,67
1359052132777,99,Databank Create test dataset,200,OK,Databank group 1-1,text,true,9314,73
1359052133638,102,Databank Create test dataset,200,OK,Databank group 1-1,text,true,9312,77
1359052134529,97,Databank Create test dataset,200,OK,Databank group 1-1,text,true,9314,70
1359052135026,170,Databank Create test dataset,200,OK,Databank group 1-1,text,true,9314,73
1359052135559,95,Databank Create test dataset,200,OK,Databank group 1-1,text,true,9314,66
1359052136111,106,Databank Create test dataset,200,OK,Databank group 1-1,text,true,9314,74
1359052136867,94,Databank Create test dataset,200,OK,Databank group 1-1,text,true,9314,69
1359052137318,102,Databank Create test dataset,200,OK,Databank group 1-1,text,true,9314,76
1359052137699,93,Databank Create test dataset,200,OK,Databank group 1-1,text,true,9314,68
1359052138079,99,Databank Create test dataset,200,OK,Databank group 1-1,text,true,9314,72
1359052139019,99,Databank Create test dataset,200,OK,Databank group 1-1,text,true,9314,68
1359052139625,97,Databank Create test dataset,200,OK,Databank group 1-1,text,true,9312,71
1359052139999,95,Databank Create test dataset,200,OK,Databank group 1-1,text,true,9314,71
1359052140569,94,Databank Create test dataset,200,OK,Databank group 1-1,text,true,9314,70
1359052140941,89,Databank Create test dataset,200,OK,Databank group 1-1,text,true,9314,65
1359052141484,102,Databank Create test dataset,200,OK,Databank group 1-1,text,true,9314,76
1359052141863,110,Databank Create test dataset,200,OK,Databank group 1-1,text,true,9314,85
1359052142234,98,Databank Create test dataset,200,OK,Databank group 1-1,text,true,9314,67
1359052142656,98,Databank Create test dataset,200,OK,Databank group 1-1,text,true,9314,67
1359052143039,102,Databank Create test dataset,200,OK,Databank group 1-1,text,true,9314,71
1359052143490,98,Databank Create test dataset,200,OK,Databank group 1-1,text,true,9314,67
1359052143962,367,Databank Create test dataset,200,OK,Databank group 1-1,text,true,9314,335
1359052144945,106,Databank Create test dataset,200,OK,Databank group 1-1,text,true,9312,80
1359052145329,92,Databank Create test dataset,200,OK,Databank group 1-1,text,true,9314,67
1359052145923,98,Databank Create test dataset,200,OK,Databank group 1-1,text,true,9314,72
1359052146285,110,Databank Create test dataset,200,OK,Databank group 1-1,text,true,9314,84
1359052146744,104,Databank Create test dataset,200,OK,Databank group 1-1,text,true,9314,79
1359052147113,96,Databank Create test dataset,200,OK,Databank group 1-1,text,true,9314,71
1359052147659,96,Databank Create test dataset,200,OK,Databank group 1-1,text,true,9314,71
1359052148307,96,Databank Create test dataset,200,OK,Databank group 1-1,text,true,9314,68
1359052149109,176,Databank Create test dataset,200,OK,Databank group 1-1,text,true,9314,151
1359052149564,97,Databank Create test dataset,200,OK,Databank group 1-1,text,true,9314,71
1359052150169,93,Databank Create test dataset,200,OK,Databank group 1-1,text,true,9314,67
1359052150540,96,Databank Create test dataset,200,OK,Databank group 1-1,text,true,9313,71
1359052150912,98,Databank Create test dataset,200,OK,Databank group 1-1,text,true,9312,72
1359052151372,94,Databank Create test dataset,200,OK,Databank group 1-1,text,true,9314,67
1359052151746,96,Databank Create test dataset,200,OK,Databank group 1-1,text,true,9314,70
1359052152118,94,Databank Create test dataset,200,OK,Databank group 1-1,text,true,9314,67
1359052152580,93,Databank Create test dataset,200,OK,Databank group 1-1,text,true,9314,67
1359052153407,100,Databank Create test dataset,200,OK,Databank group 1-1,text,true,9314,73
1359052154360,93,Databank Create test dataset,200,OK,Databank group 1-1,text,true,9314,68
1359052154728,94,Databank Create test dataset,200,OK,Databank group 1-1,text,true,9314,68
1359052155715,100,Databank Create test dataset,200,OK,Databank group 1-1,text,true,9314,75
1359052156115,96,Databank Create test dataset,200,OK,Databank group 1-1,text,true,9314,71
1359052156649,101,Databank Create test dataset,200,OK,Databank group 1-1,text,true,9314,72
1359052157134,104,Databank Create test dataset,200,OK,Databank group 1-1,text,true,9312,79
1359052157952,102,Databank Create test dataset,200,OK,Databank group 1-1,text,true,9314,76
1359052158339,101,Databank Create test dataset,200,OK,Databank group 1-1,text,true,9314,77
1359052158733,99,Databank Create test dataset,200,OK,Databank group 1-1,text,true,9314,72
1359052159216,101,Databank Create test dataset,200,OK,Databank group 1-1,text,true,9314,75
1359052159584,97,Databank Create test dataset,200,OK,Databank group 1-1,text,true,9314,72
1359052159955,102,Databank Create test dataset,200,OK,Databank group 1-1,text,true,9314,76
1359052160499,101,Databank Create test dataset,200,OK,Databank group 1-1,text,true,9314,73
1359052161122,101,Databank Create test dataset,200,OK,Databank group 1-1,text,true,9314,75
1359052161508,102,Databank Create test dataset,200,OK,Databank group 1-1,text,true,9314,74
1359052162027,105,Databank Create test dataset,200,OK,Databank group 1-1,text,true,9314,80
1359052162584,96,Databank Create test dataset,200,OK,Databank group 1-1,text,true,9312,71
1359052163015,102,Databank Create test dataset,200,OK,Databank group 1-1,text,true,9314,70
1359052163623,88,Databank Create test dataset,200,OK,Databank group 1-1,text,true,9314,63
1359052164467,103,Databank Create test dataset,200,OK,Databank group 1-1,text,true,9314,77
1359052165031,106,Databank Create test dataset,200,OK,Databank group 1-1,text,true,9314,81
1359052165583,91,Databank Create test dataset,200,OK,Databank group 1-1,text,true,9314,66
1359052175626,539,Databank Create test dataset,200,OK,Databank group 1-1,text,true,9314,512
1359052177009,93,Databank Create test dataset,200,OK,Databank group 1-1,text,true,9314,69
1359052177500,93,Databank Create test dataset,200,OK,Databank group 1-1,text,true,9314,67
1359052178617,284,Databank Create test dataset,200,OK,Databank group 1-1,text,true,9312,258
1359052179326,97,Databank Create test dataset,200,OK,Databank group 1-1,text,true,9314,71
1359052179923,114,Databank Create test dataset,200,OK,Databank group 1-1,text,true,9314,85
1359052180754,167,Databank Create test dataset,200,OK,Databank group 1-1,text,true,9314,143
1359052181366,95,Databank Create test dataset,200,OK,Databank group 1-1,text,true,9314,70
1359052181814,179,Databank Create test dataset,200,OK,Databank group 1-1,text,true,9314,80
1359052182337,97,Databank Create test dataset,200,OK,Databank group 1-1,text,true,9314,72
1359052182922,96,Databank Create test dataset,200,OK,Databank group 1-1,text,true,9314,66
1359052183288,92,Databank Create test dataset,200,OK,Databank group 1-1,text,true,9314,63
1359052183907,93,Databank Create test dataset,200,OK,Databank group 1-1,text,true,9314,68
1359052185369,92,Databank Create test dataset,200,OK,Databank group 1-1,text,true,9312,67
1359052185775,92,Databank Create test dataset,200,OK,Databank group 1-1,text,true,9277,66
1359052186962,91,Databank Create test dataset,200,OK,Databank group 1-1,text,true,9314,65
1359052187330,89,Databank Create test dataset,200,OK,Databank group 1-1,text,true,9314,65
1359052187918,95,Databank Create test dataset,200,OK,Databank group 1-1,text,true,9314,69
1359052188471,99,Databank Create test dataset,200,OK,Databank group 1-1,text,true,9314,71
1359052189088,91,Databank Create test dataset,200,OK,Databank group 1-1,text,true,9314,66
1359052189458,157,Databank Create test dataset,200,OK,Databank group 1-1,text,true,9314,65
1359052190288,95,Databank Create test dataset,200,OK,Databank group 1-1,text,true,9314,68
1359052190918,98,Databank Create test dataset,200,OK,Databank group 1-1,text,true,9314,72
1359052191748,106,Databank Create test dataset,200,OK,Databank group 1-1,text,true,9314,80
1359052192146,104,Databank Create test dataset,200,OK,Databank group 1-1,text,true,9312,73
1359052193071,109,Databank Create test dataset,200,OK,Databank group 1-1,text,true,9314,82
1359052193464,101,Databank Create test dataset,200,OK,Databank group 1-1,text,true,9314,71
1359052194015,97,Databank Create test dataset,200,OK,Databank group 1-1,text,true,9314,69
1359052194620,100,Databank Create test dataset,200,OK,Databank group 1-1,text,true,9314,75
1359052195168,91,Databank Create test dataset,200,OK,Databank group 1-1,text,true,9314,66
1359052195711,99,Databank Create test dataset,200,OK,Databank group 1-1,text,true,9314,74
1359052196105,100,Databank Create test dataset,200,OK,Databank group 1-1,text,true,9314,72
1359052196517,106,Databank Create test dataset,200,OK,Databank group 1-1,text,true,9314,80
1359052196975,106,Databank Create test dataset,200,OK,Databank group 1-1,text,true,9314,79
1359052197352,99,Databank Create test dataset,200,OK,Databank group 1-1,text,true,9314,74
1359052197739,94,Databank Create test dataset,200,OK,Databank group 1-1,text,true,9312,69
1359052198270,117,Databank Create test dataset,200,OK,Databank group 1-1,text,true,9314,90
1359052199090,92,Databank Create test dataset,200,OK,Databank group 1-1,text,true,9314,67
1359052199720,88,Databank Create test dataset,200,OK,Databank group 1-1,text,true,9314,63
1359052200411,91,Databank Create test dataset,200,OK,Databank group 1-1,text,true,9314,65
1359052200777,97,Databank Create test dataset,200,OK,Databank group 1-1,text,true,9314,73
1359052201227,167,Databank Create test dataset,200,OK,Databank group 1-1,text,true,9314,65
1359052201794,98,Databank Create test dataset,200,OK,Databank group 1-1,text,true,9314,73
1359052202547,99,Databank Create test dataset,200,OK,Databank group 1-1,text,true,9314,74
1359052203085,107,Databank Create test dataset,200,OK,Databank group 1-1,text,true,9314,82
1359052203467,98,Databank Create test dataset,200,OK,Databank group 1-1,text,true,9312,71
1359052204013,102,Databank Create test dataset,200,OK,Databank group 1-1,text,true,9314,76
1359052204413,182,Databank Create test dataset,200,OK,Databank group 1-1,text,true,9314,149
1359052204871,91,Databank Create test dataset,200,OK,Databank group 1-1,text,true,9314,66
1359052205250,97,Databank Create test dataset,200,OK,Databank group 1-1,text,true,9314,70
1359052205712,95,Databank Create test dataset,200,OK,Databank group 1-1,text,true,9314,70
1359052206381,1471,Databank Create test dataset,200,OK,Databank group 1-1,text,true,9314,1438
1359052208706,97,Databank Create test dataset,200,OK,Databank group 1-1,text,true,9314,71
1359052209237,105,Databank Create test dataset,200,OK,Databank group 1-1,text,true,9314,75
1359052209827,96,Databank Create test dataset,200,OK,Databank group 1-1,text,true,9314,70
1359052210263,102,Databank Create test dataset,200,OK,Databank group 1-1,text,true,9314,75
1359052210657,101,Databank Create test dataset,200,OK,Databank group 1-1,text,true,9312,74
1359052211052,94,Databank Create test dataset,200,OK,Databank group 1-1,text,true,9314,68
1359052211544,98,Databank Create test dataset,200,OK,Databank group 1-1,text,true,9314,73
1359052211989,89,Databank Create test dataset,200,OK,Databank group 1-1,text,true,9314,64
1359052212520,95,Databank Create test dataset,200,OK,Databank group 1-1,text,true,9314,70
1359052213240,101,Databank Create test dataset,200,OK,Databank group 1-1,text,true,9314,74
1359052214666,103,Databank Create test dataset,200,OK,Databank group 1-1,text,true,9314,78
1359052215231,95,Databank Create test dataset,200,OK,Databank group 1-1,text,true,9314,69
1359052215779,97,Databank Create test dataset,200,OK,Databank group 1-1,text,true,9314,70
1359052216240,91,Databank Create test dataset,200,OK,Databank group 1-1,text,true,9314,66
1359052216687,102,Databank Create test dataset,200,OK,Databank group 1-1,text,true,9312,76
1359052217251,97,Databank Create test dataset,200,OK,Databank group 1-1,text,true,9314,71
1359052217933,98,Databank Create test dataset,200,OK,Databank group 1-1,text,true,9314,73
1359052218320,96,Databank Create test dataset,200,OK,Databank group 1-1,text,true,9314,72
1359052218789,99,Databank Create test dataset,200,OK,Databank group 1-1,text,true,9314,74
1359052219161,101,Databank Create test dataset,200,OK,Databank group 1-1,text,true,9314,75
1359052219720,90,Databank Create test dataset,200,OK,Databank group 1-1,text,true,9314,65
1359052220261,104,Databank Create test dataset,200,OK,Databank group 1-1,text,true,9314,77
1359052220884,104,Databank Create test dataset,200,OK,Databank group 1-1,text,true,9314,77
1359052221261,102,Databank Create test dataset,200,OK,Databank group 1-1,text,true,9314,76
1359052221722,96,Databank Create test dataset,200,OK,Databank group 1-1,text,true,9314,72
1359052222091,98,Databank Create test dataset,200,OK,Databank group 1-1,text,true,9312,73
1359052222460,94,Databank Create test dataset,200,OK,Databank group 1-1,text,true,9314,69
1359052223013,104,Databank Create test dataset,200,OK,Databank group 1-1,text,true,9314,79
1359052223748,98,Databank Create test dataset,200,OK,Databank group 1-1,text,true,9314,72
1359052224132,95,Databank Create test dataset,200,OK,Databank group 1-1,text,true,9314,70
1359052224730,102,Databank Create test dataset,200,OK,Databank group 1-1,text,true,9314,77
1359052225208,104,Databank Create test dataset,200,OK,Databank group 1-1,text,true,9314,72
1359052225827,106,Databank Create test dataset,200,OK,Databank group 1-1,text,true,9314,73
1359052226376,100,Databank Create test dataset,200,OK,Databank group 1-1,text,true,9314,73
1359052227055,91,Databank Create test dataset,200,OK,Databank group 1-1,text,true,9314,66
1359052227510,95,Databank Create test dataset,200,OK,Databank group 1-1,text,true,9314,68
1359052228060,101,Databank Create test dataset,200,OK,Databank group 1-1,text,true,9312,74
1359052228458,92,Databank Create test dataset,200,OK,Databank group 1-1,text,true,9314,67
1359052228925,97,Databank Create test dataset,200,OK,Databank group 1-1,text,true,9314,72
1359052229643,105,Databank Create test dataset,200,OK,Databank group 1-1,text,true,9314,79
1359052230441,108,Databank Create test dataset,200,OK,Databank group 1-1,text,true,9314,74
1359052230830,97,Databank Create test dataset,200,OK,Databank group 1-1,text,true,9314,72
1359052231666,109,Databank Create test dataset,200,OK,Databank group 1-1,text,true,9314,84
1359052232253,97,Databank Create test dataset,200,OK,Databank group 1-1,text,true,9314,72
1359052232632,143,Databank Create test dataset,200,OK,Databank group 1-1,text,true,9314,111
1359052233576,116,Databank Create test dataset,200,OK,Databank group 1-1,text,true,9314,90
1359052234010,97,Databank Create test dataset,200,OK,Databank group 1-1,text,true,9312,71
1359052234470,98,Databank Create test dataset,200,OK,Databank group 1-1,text,true,9314,73
1359052235340,112,Databank Create test dataset,200,OK,Databank group 1-1,text,true,9314,85
1359052236339,108,Databank Create test dataset,200,OK,Databank group 1-1,text,true,9314,81
1359052236734,175,Databank Create test dataset,200,OK,Databank group 1-1,text,true,9314,148
1359052237532,203,Databank Create test dataset,200,OK,Databank group 1-1,text,true,9314,70
1359052238193,97,Databank Create test dataset,200,OK,Databank group 1-1,text,true,9314,66
1359052238744,96,Databank Create test dataset,200,OK,Databank group 1-1,text,true,9314,69
1359052239509,100,Databank Create test dataset,200,OK,Databank group 1-1,text,true,9314,70
1359052239961,98,Databank Create test dataset,200,OK,Databank group 1-1,text,true,9314,72
1359052240336,119,Databank Create test dataset,200,OK,Databank group 1-1,text,true,9312,93
1359052240860,98,Databank Create test dataset,200,OK,Databank group 1-1,text,true,9314,73
1359052241354,97,Databank Create test dataset,200,OK,Databank group 1-1,text,true,9314,73
1359052242574,405,Databank Create test dataset,200,OK,Databank group 1-1,text,true,9314,378
1359052243409,95,Databank Create test dataset,200,OK,Databank group 1-1,text,true,9314,70
1359052244000,101,Databank Create test dataset,200,OK,Databank group 1-1,text,true,9314,76
1359052244652,91,Databank Create test dataset,200,OK,Databank group 1-1,text,true,9314,65
1359052245016,95,Databank Create test dataset,200,OK,Databank group 1-1,text,true,9314,68
1359052245506,90,Databank Create test dataset,200,OK,Databank group 1-1,text,true,9314,65
1359052246690,92,Databank Create test dataset,200,OK,Databank group 1-1,text,true,9314,66
1359052247285,99,Databank Create test dataset,200,OK,Databank group 1-1,text,true,9314,74
1359052247656,96,Databank Create test dataset,200,OK,Databank group 1-1,text,true,9312,71
1359052248400,92,Databank Create test dataset,200,OK,Databank group 1-1,text,true,9314,67
1359052248761,91,Databank Create test dataset,200,OK,Databank group 1-1,text,true,9314,66
1359052249392,113,Databank Create test dataset,200,OK,Databank group 1-1,text,true,9314,88
1359052249823,96,Databank Create test dataset,200,OK,Databank group 1-1,text,true,9314,71
1359052250524,94,Databank Create test dataset,200,OK,Databank group 1-1,text,true,9314,69
1359052251027,93,Databank Create test dataset,200,OK,Databank group 1-1,text,true,9314,68
1359052251548,107,Databank Create test dataset,200,OK,Databank group 1-1,text,true,9314,75
1359052251942,102,Databank Create test dataset,200,OK,Databank group 1-1,text,true,9314,77
1359052252481,98,Databank Create test dataset,200,OK,Databank group 1-1,text,true,9314,73
1359052252871,101,Databank Create test dataset,200,OK,Databank group 1-1,text,true,9312,76
1359052253489,105,Databank Create test dataset,200,OK,Databank group 1-1,text,true,9314,80
1359052254087,103,Databank Create test dataset,200,OK,Databank group 1-1,text,true,9314,76
1359052254744,92,Databank Create test dataset,200,OK,Databank group 1-1,text,true,9314,66
1359052255227,92,Databank Create test dataset,200,OK,Databank group 1-1,text,true,9314,66
1359052255761,100,Databank Create test dataset,200,OK,Databank group 1-1,text,true,9314,70
1359052256360,94,Databank Create test dataset,200,OK,Databank group 1-1,text,true,9314,68
1359052258438,99,Databank Create test dataset,200,OK,Databank group 1-1,text,true,9314,70
1359052259000,106,Databank Create test dataset,200,OK,Databank group 1-1,text,true,9314,81
1359052260416,172,Databank Create test dataset,200,OK,Databank group 1-1,text,true,9314,144
1359052260887,101,Databank Create test dataset,200,OK,Databank group 1-1,text,true,9312,75
1359052261741,88,Databank Create test dataset,200,OK,Databank group 1-1,text,true,9314,63
1359052262116,91,Databank Create test dataset,200,OK,Databank group 1-1,text,true,9314,65
1359052262661,174,Databank Create test dataset,200,OK,Databank group 1-1,text,true,9314,148
1359052263142,120,Databank Create test dataset,200,OK,Databank group 1-1,text,true,9314,94
1359052263962,99,Databank Create test dataset,200,OK,Databank group 1-1,text,true,9314,73
1359052264909,100,Databank Create test dataset,200,OK,Databank group 1-1,text,true,9314,74
1359052265308,92,Databank Create test dataset,200,OK,Databank group 1-1,text,true,9314,66
1359052265705,97,Databank Create test dataset,200,OK,Databank group 1-1,text,true,9314,71
1359052266111,94,Databank Create test dataset,200,OK,Databank group 1-1,text,true,9314,69
1359052266795,98,Databank Create test dataset,200,OK,Databank group 1-1,text,true,9312,73
1359052267570,201,Databank Create test dataset,200,OK,Databank group 1-1,text,true,9277,80
1359052268090,99,Databank Create test dataset,200,OK,Databank group 1-1,text,true,9314,73
1359052268470,91,Databank Create test dataset,200,OK,Databank group 1-1,text,true,9314,66
1359052268840,91,Databank Create test dataset,200,OK,Databank group 1-1,text,true,9314,66
1359052269325,100,Databank Create test dataset,200,OK,Databank group 1-1,text,true,9314,73
1359052269782,95,Databank Create test dataset,200,OK,Databank group 1-1,text,true,9314,69
1359052270189,109,Databank Create test dataset,200,OK,Databank group 1-1,text,true,9314,83
1359052270661,104,Databank Create test dataset,200,OK,Databank group 1-1,text,true,9314,79
1359052271302,98,Databank Create test dataset,200,OK,Databank group 1-1,text,true,9314,72
1359052272082,104,Databank Create test dataset,200,OK,Databank group 1-1,text,true,9314,78
1359052272517,100,Databank Create test dataset,200,OK,Databank group 1-1,text,true,9314,74
1359052273252,99,Databank Create test dataset,200,OK,Databank group 1-1,text,true,9315,74
1359052273804,98,Databank Create test dataset,200,OK,Databank group 1-1,text,true,9314,73
1359052274389,98,Databank Create test dataset,200,OK,Databank group 1-1,text,true,9314,72
1359052274790,101,Databank Create test dataset,200,OK,Databank group 1-1,text,true,9314,75
1359052275245,99,Databank Create test dataset,200,OK,Databank group 1-1,text,true,9314,68
1359052275831,96,Databank Create test dataset,200,OK,Databank group 1-1,text,true,9314,69
1359052276309,93,Databank Create test dataset,200,OK,Databank group 1-1,text,true,9314,68
1359052277017,93,Databank Create test dataset,200,OK,Databank group 1-1,text,true,9314,69
1359052277568,98,Databank Create test dataset,200,OK,Databank group 1-1,text,true,9314,73
1359052278268,98,Databank Create test dataset,200,OK,Databank group 1-1,text,true,9314,73
1359052278825,99,Databank Create test dataset,200,OK,Databank group 1-1,text,true,9312,74
1359052279570,93,Databank Create test dataset,200,OK,Databank group 1-1,text,true,9314,67
1359052280027,89,Databank Create test dataset,200,OK,Databank group 1-1,text,true,9314,64
1359052280390,99,Databank Create test dataset,200,OK,Databank group 1-1,text,true,9314,65
1359052281124,93,Databank Create test dataset,200,OK,Databank group 1-1,text,true,9314,66
1359052281681,97,Databank Create test dataset,200,OK,Databank group 1-1,text,true,9314,71
1359052282063,97,Databank Create test dataset,200,OK,Databank group 1-1,text,true,9314,72
1359052282668,171,Databank Create test dataset,200,OK,Databank group 1-1,text,true,9314,145
1359052283119,98,Databank Create test dataset,200,OK,Databank group 1-1,text,true,9314,72
1359052283497,93,Databank Create test dataset,200,OK,Databank group 1-1,text,true,9314,65
1359052284481,94,Databank Create test dataset,200,OK,Databank group 1-1,text,true,9312,67
1359052284952,104,Databank Create test dataset,200,OK,Databank group 1-1,text,true,9314,77
1359052285351,92,Databank Create test dataset,200,OK,Databank group 1-1,text,true,9314,66
1359052285938,102,Databank Create test dataset,200,OK,Databank group 1-1,text,true,9314,76
1359052286330,102,Databank Create test dataset,200,OK,Databank group 1-1,text,true,9314,74
1359052286712,98,Databank Create test dataset,200,OK,Databank group 1-1,text,true,9314,73
1359052287595,104,Databank Create test dataset,200,OK,Databank group 1-1,text,true,9314,77
1359052287988,95,Databank Create test dataset,200,OK,Databank group 1-1,text,true,9314,71
1359052288439,97,Databank Create test dataset,200,OK,Databank group 1-1,text,true,9314,71
1359052289289,89,Databank Create test dataset,200,OK,Databank group 1-1,text,true,9314,64
1359052289806,91,Databank Create test dataset,200,OK,Databank group 1-1,text,true,9312,66
1359052290179,96,Databank Create test dataset,200,OK,Databank group 1-1,text,true,9279,70
1359052290863,104,Databank Create test dataset,200,OK,Databank group 1-1,text,true,9314,78
1359052291256,100,Databank Create test dataset,200,OK,Databank group 1-1,text,true,9314,73
1359052291834,98,Databank Create test dataset,200,OK,Databank group 1-1,text,true,9314,73
1359052292379,99,Databank Create test dataset,200,OK,Databank group 1-1,text,true,9314,68
1359052292831,698,Databank Create test dataset,200,OK,Databank group 1-1,text,true,9314,667
1359052293923,96,Databank Create test dataset,200,OK,Databank group 1-1,text,true,9314,65
1359052294307,100,Databank Create test dataset,200,OK,Databank group 1-1,text,true,9314,69
1359052295274,99,Databank Create test dataset,200,OK,Databank group 1-1,text,true,9314,72
1359052295887,108,Databank Create test dataset,200,OK,Databank group 1-1,text,true,9314,81
1359052296484,102,Databank Create test dataset,200,OK,Databank group 1-1,text,true,9312,76
1359052296881,94,Databank Create test dataset,200,OK,Databank group 1-1,text,true,9314,68
1359052297260,96,Databank Create test dataset,200,OK,Databank group 1-1,text,true,9314,70
1359052297640,139,Databank Create test dataset,200,OK,Databank group 1-1,text,true,9314,113
1359052298294,92,Databank Create test dataset,200,OK,Databank group 1-1,text,true,9314,67
1359052299217,96,Databank Create test dataset,200,OK,Databank group 1-1,text,true,9314,71
1359052299950,99,Databank Create test dataset,200,OK,Databank group 1-1,text,true,9314,72
1359052300346,108,Databank Create test dataset,200,OK,Databank group 1-1,text,true,9314,82
1359052301048,105,Databank Create test dataset,200,OK,Databank group 1-1,text,true,9314,78
1359052301659,92,Databank Create test dataset,200,OK,Databank group 1-1,text,true,9314,65
1359052302035,93,Databank Create test dataset,200,OK,Databank group 1-1,text,true,9314,67
1359052303390,96,Databank Create test dataset,200,OK,Databank group 1-1,text,true,9314,72
1359052303814,100,Databank Create test dataset,200,OK,Databank group 1-1,text,true,9314,75
1359052304301,101,Databank Create test dataset,200,OK,Databank group 1-1,text,true,9314,75
1359052304960,104,Databank Create test dataset,200,OK,Databank group 1-1,text,true,9314,78
1359052305595,92,Databank Create test dataset,200,OK,Databank group 1-1,text,true,9314,66
1359052305999,96,Databank Create test dataset,200,OK,Databank group 1-1,text,true,9314,70
1359052306437,97,Databank Create test dataset,200,OK,Databank group 1-1,text,true,9314,72
1359052306842,98,Databank Create test dataset,200,OK,Databank group 1-1,text,true,9314,73
1359052307269,92,Databank Create test dataset,200,OK,Databank group 1-1,text,true,9314,66
1359052308098,108,Databank Create test dataset,200,OK,Databank group 1-1,text,true,9314,73
1359052308572,99,Databank Create test dataset,200,OK,Databank group 1-1,text,true,9314,74
1359052309037,93,Databank Create test dataset,200,OK,Databank group 1-1,text,true,9312,68
1359052309870,96,Databank Create test dataset,200,OK,Databank group 1-1,text,true,9314,69
1359052310260,102,Databank Create test dataset,200,OK,Databank group 1-1,text,true,9314,77
1359052310486,93,Databank Create test dataset,200,OK,Databank group 1-1,text,true,9314,65
1359052310863,107,Databank Create test dataset,200,OK,Databank group 1-1,text,true,9314,81
1359052311332,99,Databank Create test dataset,200,OK,Databank group 1-1,text,true,9314,71
1359052312156,100,Databank Create test dataset,200,OK,Databank group 1-1,text,true,9314,72
1359052312679,193,Databank Create test dataset,200,OK,Databank group 1-1,text,true,9314,168
1359052313530,107,Databank Create test dataset,200,OK,Databank group 1-1,text,true,9314,81
1359052314080,116,Databank Create test dataset,200,OK,Databank group 1-1,text,true,9314,88
1359052314740,170,Databank Create test dataset,200,OK,Databank group 1-1,text,true,9314,144
1359052315228,96,Databank Create test dataset,200,OK,Databank group 1-1,text,true,9314,71
1359052315969,96,Databank Create test dataset,200,OK,Databank group 1-1,text,true,9314,68
1359052316452,104,Databank Create test dataset,200,OK,Databank group 1-1,text,true,9314,79
1359052316967,103,Databank Create test dataset,200,OK,Databank group 1-1,text,true,9314,76
1359052317564,102,Databank Create test dataset,200,OK,Databank group 1-1,text,true,9314,76
1359052318248,102,Databank Create test dataset,200,OK,Databank group 1-1,text,true,9314,77
1359052318640,98,Databank Create test dataset,200,OK,Databank group 1-1,text,true,9314,73
1359052319227,103,Databank Create test dataset,200,OK,Databank group 1-1,text,true,9314,78
1359052319622,98,Databank Create test dataset,200,OK,Databank group 1-1,text,true,9314,73
1359052320015,94,Databank Create test dataset,200,OK,Databank group 1-1,text,true,9314,68
1359052320776,135,Databank Create test dataset,200,OK,Databank group 1-1,text,true,9314,109
1359052321354,95,Databank Create test dataset,200,OK,Databank group 1-1,text,true,9312,71
1359052321737,113,Databank Create test dataset,200,OK,Databank group 1-1,text,true,9315,85
1359052322279,99,Databank Create test dataset,200,OK,Databank group 1-1,text,true,9314,67
1359052322658,153,Databank Create test dataset,200,OK,Databank group 1-1,text,true,9314,123
1359052323245,97,Databank Create test dataset,200,OK,Databank group 1-1,text,true,9314,71
1359052323700,93,Databank Create test dataset,200,OK,Databank group 1-1,text,true,9314,66
1359052325538,92,Databank Create test dataset,200,OK,Databank group 1-1,text,true,9314,67
1359052326010,93,Databank Create test dataset,200,OK,Databank group 1-1,text,true,9314,67
1359052326388,96,Databank Create test dataset,200,OK,Databank group 1-1,text,true,9314,69
1359052326767,95,Databank Create test dataset,200,OK,Databank group 1-1,text,true,9314,70
1359052327422,103,Databank Create test dataset,200,OK,Databank group 1-1,text,true,9314,76
1359052328219,96,Databank Create test dataset,200,OK,Databank group 1-1,text,true,9312,65
1359052328613,97,Databank Create test dataset,200,OK,Databank group 1-1,text,true,9314,71
